map_id,map_name,map_variant,mode_category,mode_type,mode_name,display_label,level_type_id,level_type_label,level_path_name,level_path,map_ui_id,belong_city_id,pvp_mode_ids,pvp_mode_names,pvp_consts,pvp_player_counts,dungeon_ids,dungeon_names,classification_source,source_status,asset_tag_present
5200002,廷根,,开放世界,主城/开放区域,开放世界,开放世界（主城/开放区域）- 廷根,1,主城/开放区域,LV_Tiengen_P,/Game/Arts/Maps/Tiengen_New/LV_Tiengen_P,3,,,,,,,,LevelMapData.Type,current_formal_map,true
5200004,黑荆棘安保公司,,探索,城市/室内/探索区域,探索区域,探索区域（城市/室内/探索区域）- 黑荆棘安保公司,8,城市/室内/探索区域,LV_BlackThorns_Company_P,/Game/Arts/Maps/BlackThorns_Company/LV_BlackThorns_Company_P,7,5200002,,,,,,,LevelMapData.Type,current_formal_map,true
5200009,占卜俱乐部,,探索,城市/室内/探索区域,探索区域,探索区域（城市/室内/探索区域）- 占卜俱乐部,8,城市/室内/探索区域,LV_Divination_club_P,/Game/Arts/Maps/Divination_club/LV_Divination_club_P,8,5200002,,,,,,,LevelMapData.Type,current_formal_map,true
5200020,主宰争锋,,PVP,3v3,主宰争锋,主宰争锋（3v3）- 主宰争锋,3,竞技场,LV_Arena_P,/Game/Arts/Maps/Arena/LV_Arena_P,18,,5500002,主宰争锋,TEAM3V3,3,,,PVPGameModeData.BattleScene | MatchPoolData | PVPRandomSceneData | RegularPVPRandomSceneData,current_formal_map,true
5200021,俱乐部,,PVP,PVP,俱乐部乱斗,俱乐部乱斗（PVP）- 俱乐部,4,俱乐部驻地,LV_Guild_P,/Game/Arts/Maps/Guild/LV_Guild_P,81,,5500013,俱乐部乱斗,GUILD_RUMBLE,0,,,PVPGameModeData.BattleScene,current_formal_map,true
5200024,愚者棋局,,PVP,自走棋,自走棋,自走棋（自走棋）- 愚者棋局,24,自走棋,LV_AutoChess_P,/Game/Arts/Maps/AutoChess/LV_AutoChess_P,0,,5500016,自走棋,AUTO_CHESS,8,,,PVPGameModeData.BattleScene | MatchPoolData,current_formal_map,true
5200026,廷根湖,,探索,城市/室内/探索区域,探索区域,探索区域（城市/室内/探索区域）- 廷根湖,8,城市/室内/探索区域,LV_Tiengen_Lake03_P,/Game/Arts/Maps/Tiengen_Lake03/LV_Tiengen_Lake03_P,68,,,,,,,,LevelMapData.Type,current_formal_map,false
5200050,恶龙酒吧,,探索,城市/室内/探索区域,探索区域,探索区域（城市/室内/探索区域）- 恶龙酒吧,8,城市/室内/探索区域,LV_DragonBar_P,/Game/Arts/Maps/DragonBar/LV_DragonBar_P,23,5200002,,,,,,,LevelMapData.Type,current_formal_map,true
5200051,水仙花街2号,,PVE,PVE副本,PVE副本,PVE副本（PVE副本）- 水仙花街2号,2,PVE副本,LV_ShuiXian_Villa_P,/Game/Arts/Maps/ShuiXian_Villa/LV_ShuiXian_Villa_P,41,,,,,,,,LevelMapData.Type,current_formal_map,true
5200052,睡莲小镇,,探索,城市/室内/探索区域,探索区域,探索区域（城市/室内/探索区域）- 睡莲小镇,8,城市/室内/探索区域,LV_CommanVillage_WP_P,/Game/Arts/Maps/CommanVillage/LV_CommanVillage_WP_P,38,,,,,,,,LevelMapData.Type,current_formal_map,true
5200056,工厂,,PVE,PVE副本,安提哥努斯笔记,安提哥努斯笔记（PVE副本）- 工厂,2,PVE副本,LV_Factory_P,/Game/Arts/Maps/Factory/LV_Factory_P,29,,,,,,5100040,安提哥努斯笔记,DungeonData.WorldID,current_formal_map,true
5200057,码头,,PVE,PVE副本,安提哥努斯笔记,安提哥努斯笔记（PVE副本）- 码头,2,PVE副本,LV_Ruierbibo_P,/Game/Arts/Maps/Ruierbibo_Blockout/LV_Ruierbibo_P,30,,,,,,5100040,安提哥努斯笔记,DungeonData.WorldID,current_formal_map,true
5200060,城堡,,PVE,世界事件,世界事件,世界事件（世界事件）- 城堡,12,世界事件,LV_Manor03_P,/Game/Arts/Maps/Manor/LV_Manor03_P,48,,,,,,,,LevelMapData.Type,current_formal_map,true
5200061,城堡模板,,PVE,世界事件,世界事件,世界事件（世界事件）- 城堡模板,12,世界事件,LV_Manor03_P,/Game/Arts/Maps/Manor/LV_Manor03_P,48,,,,,,,,LevelMapData.Type,current_formal_map,true
5200064,小丑梦境,,PVE,PVE副本,安提哥努斯笔记,安提哥努斯笔记（PVE副本）- 小丑梦境,2,PVE副本,LV_JokerDream_P,/Game/Arts/Maps/JokerDream/LV_JokerDream_P,28,,,,,,5100040,安提哥努斯笔记,DungeonData.WorldID,current_formal_map,true
5200076,学徒秘密基地,,剧情,剧情/任务实例,剧情任务,剧情任务（剧情/任务实例）- 学徒秘密基地,6,剧情/任务实例,LV_Underground_relic_P,/Game/Arts/Maps/Underground_relic/LV_Underground_relic_P,0,,,,,,,,LevelMapData.Type,current_formal_map,true
5200077,黑色梦境场景,,探索,城市/室内/探索区域,探索区域,探索区域（城市/室内/探索区域）- 黑色梦境场景,8,城市/室内/探索区域,LV_TrueCreatorBattle_P,/Game/Arts/Maps/TrueCreatorBattle/LV_TrueCreatorBattle_P,0,,,,,,,,LevelMapData.Type,current_formal_map,true
5200079,困难·五月庄园·花园,,PVE,PVE副本,五月庄园·花园,五月庄园·花园（PVE副本）- 困难·五月庄园·花园,2,PVE副本,LV_WYZY_WP_P,/Game/Arts/Maps/WYZY/LV_WYZY_WP_P,69,,,,,,5100045,五月庄园·花园,DungeonData.WorldID,current_formal_map,true
5200085,金秋湖,,探索,城市/室内/探索区域,探索区域,探索区域（城市/室内/探索区域）- 金秋湖,8,城市/室内/探索区域,Suburb_AutumnIsland_01_WP_P,/Game/Arts/Maps/Suburb_AutumnIsland/Suburb_AutumnIsland_01_WP_P,32,,,,,,,,LevelMapData.Type,current_formal_map,true
5200086,霍纳奇斯山脉,,PVP,PVP,本服俱乐部宣战,本服俱乐部宣战（PVP）- 霍纳奇斯山脉,1,主城/开放区域,Suburb_SnowMountain_WP_P,/Game/Arts/Maps/Suburb_SnowMountain/Suburb_SnowMountain_WP_P,36,,5500018,本服俱乐部宣战,GUILD_DECLARE,0,,,PVPGameModeData.BattleScene,current_formal_map,true
5200095,工厂,,PVE,PVE副本,安提哥努斯笔记,安提哥努斯笔记（PVE副本）- 工厂,2,PVE副本,LV_Factory_P,/Game/Arts/Maps/Factory/LV_Factory_P,29,,,,,,5100044,安提哥努斯笔记,DungeonData.WorldID,current_formal_map,true
5200096,码头,,PVE,PVE副本,安提哥努斯笔记,安提哥努斯笔记（PVE副本）- 码头,2,PVE副本,LV_Ruierbibo_P,/Game/Arts/Maps/Ruierbibo_Blockout/LV_Ruierbibo_P,30,,,,,,5100044,安提哥努斯笔记,DungeonData.WorldID,current_formal_map,true
5200097,小丑梦境,,PVE,PVE副本,安提哥努斯笔记,安提哥努斯笔记（PVE副本）- 小丑梦境,2,PVE副本,LV_JokerDream_P,/Game/Arts/Maps/JokerDream/LV_JokerDream_P,28,,,,,,5100044,安提哥努斯笔记,DungeonData.WorldID,current_formal_map,true
5200102,困难·五月庄园·城堡,,PVE,PVE副本,五月庄园·城堡,五月庄园·城堡（PVE副本）- 困难·五月庄园·城堡,2,PVE副本,LV_WYZY_WP_P,/Game/Arts/Maps/WYZY/LV_WYZY_WP_P,69,,,,,,5100047,五月庄园·城堡,DungeonData.WorldID,current_formal_map,true
5200109,众神之巅准备场,,活动,特殊活动,特殊活动,特殊活动（特殊活动）- 众神之巅准备场,17,特殊活动,LV_5V5Arena_P1_P,/Game/Arts/Maps/5V5Arena_P1/LV_5V5Arena_P1_P,0,,,,,,,,LevelMapData.Type,current_formal_map,true
5200110,众神之巅,,PVP,PVP,众神之巅小组赛,众神之巅小组赛（PVP）- 众神之巅,16,赛事,Lv_5v5Arena_P,/Game/Arts/Maps/5V5Arena/Lv_5v5Arena_P,50,,5500004,众神之巅小组赛,CHAMPION_GROUP_BATTLE,6,,,PVPGameModeData.BattleScene,current_formal_map,true
5200111,众神之巅,,PVP,PVP,众神之巅淘汰赛,众神之巅淘汰赛（PVP）- 众神之巅,15,赛事,Lv_5v5Arena_P,/Game/Arts/Maps/5V5Arena/Lv_5v5Arena_P,50,,5500005 | 5500006,众神之巅淘汰赛,CHAMPION_ELIMINATION_3 | CHAMPION_ELIMINATION_5,6,,,PVPGameModeData.BattleScene,current_formal_map,true
5200117,众神之巅历史冠军,,活动,特殊活动,特殊活动,特殊活动（特殊活动）- 众神之巅历史冠军,7,特殊活动,LV_PVPChampionFameDisplay_P,/Game/Arts/Maps/PVPChampionFameDisplay/LV_PVPChampionFameDisplay_P,50,,,,,,,,LevelMapData.Type,current_formal_map,true
5200130,拉姆德古堡,,探索,城市/室内/探索区域,探索区域,探索区域（城市/室内/探索区域）- 拉姆德古堡,8,城市/室内/探索区域,Suburb_Castle_WP_P,/Game/Arts/Maps/Suburb_Castle/Suburb_Castle_WP_P,51,,,,,,,,LevelMapData.Type,current_formal_map,true
5200131,猎龙之城,,PVP,PVP,猎城战,猎城战（PVP）- 猎龙之城,19,PVP,LV_GVGArena_WP_P,/Game/Arts/Maps/GVGArena/LV_GVGArena_WP_P,44,,5500008,猎城战,GUILD_TEAM,1,,,PVPGameModeData.BattleScene,current_formal_map,true
5200138,普通·丰饶之树,,PVE,PVE副本,丰饶之树,丰饶之树（PVE副本）- 普通·丰饶之树,2,PVE副本,Suburb_AutumnIsland_01_WP_P,/Game/Arts/Maps/Suburb_AutumnIsland/Suburb_AutumnIsland_01_WP_P,32,,,,,,5100052,丰饶之树,DungeonData.WorldID,current_formal_map,true
5200139,困难·丰饶之树,,PVE,PVE副本,丰饶之树,丰饶之树（PVE副本）- 困难·丰饶之树,2,PVE副本,Suburb_AutumnIsland_01_WP_P,/Game/Arts/Maps/Suburb_AutumnIsland/Suburb_AutumnIsland_01_WP_P,32,,,,,,5100053,丰饶之树,DungeonData.WorldID,current_formal_map,true
5200142,普通·五月庄园·花园,,PVE,PVE副本,五月庄园·花园,五月庄园·花园（PVE副本）- 普通·五月庄园·花园,2,PVE副本,LV_WYZY_WP_P,/Game/Arts/Maps/WYZY/LV_WYZY_WP_P,69,,,,,,5100054,五月庄园·花园,DungeonData.WorldID,current_formal_map,true
5200143,普通·五月庄园·城堡,,PVE,PVE副本,五月庄园·城堡,五月庄园·城堡（PVE副本）- 普通·五月庄园·城堡,2,PVE副本,LV_WYZY_WP_P,/Game/Arts/Maps/WYZY/LV_WYZY_WP_P,69,,,,,,5100055,五月庄园·城堡,DungeonData.WorldID,current_formal_map,true
5200148,星星高原,,PVP,PVP,高原战,高原战（PVP）- 星星高原,21,PVP,LV_Suburb_Steppe01_WP_P,/Game/Arts/Maps/Suburb_Steppe/LV_Suburb_Steppe01_WP_P,45,,5500011,高原战,FOUR_FACTION_BATTLE,1,,,PVPGameModeData.BattleScene,current_formal_map,true
5200149,斯蒂姆宫,,PVE,世界Boss,世界首领,世界首领（世界Boss）- 斯蒂姆宫,20,特殊活动,LV_FloatingCastle_P,/Game/Arts/Maps/FloatingCastle/LV_FloatingCastle_P,72,,,,,,,,WorldBossData.LevelMapID,current_formal_map,true
5200167,猎龙之城,,PVP,PVP,终末猎杀,终末猎杀（PVP）- 猎龙之城,23,PVP,LV_GVGArena_WP_P,/Game/Arts/Maps/GVGArena/LV_GVGArena_WP_P,46,,5500012,终末猎杀,LAST_HUNT,0,,,PVPGameModeData.BattleScene,current_formal_map,true
5200172,星星高原,,探索,城市/室内/探索区域,探索区域,探索区域（城市/室内/探索区域）- 星星高原,8,城市/室内/探索区域,LV_Suburb_Steppe01_WP_P,/Game/Arts/Maps/Suburb_Steppe/LV_Suburb_Steppe01_WP_P,55,,,,,,,,LevelMapData.Type,current_formal_map,true
5200176,展台场景,,活动,特殊活动,特殊活动,特殊活动（特殊活动）- 展台场景,7,特殊活动,LV_Rich_house_P,/Game/Arts/Maps/Rich_house/LV_Rich_house_P,43,,,,,,,,LevelMapData.Type,current_formal_map,true
5200178,命运咖啡厅,,探索,城市/室内/探索区域,探索区域,探索区域（城市/室内/探索区域）- 命运咖啡厅,8,城市/室内/探索区域,LV_PrologueCafe_P,/Game/Arts/Maps/PrologueCafe/LV_PrologueCafe_P,75,,,,,,,,LevelMapData.Type,current_formal_map,false
5200180,湖畔小村,,PVE,PVE副本,哀嚎黑市,哀嚎黑市（PVE副本）- 湖畔小村,2,PVE副本,Suburb_AutumnIsland_01_WP_P,/Game/Arts/Maps/Suburb_AutumnIsland/Suburb_AutumnIsland_01_WP_P,0,,,,,,5100002,哀嚎黑市,DungeonData.WorldID,current_formal_map,true
5200181,廷根一角,,PVE,PVE副本,哀嚎黑市,哀嚎黑市（PVE副本）- 廷根一角,2,PVE副本,LV_Tiengen_P,/Game/Arts/Maps/Tiengen_New/LV_Tiengen_P,0,,,,,,5100002,哀嚎黑市,DungeonData.WorldID,current_formal_map,true
5200182,工厂防线,,PVE,PVE副本,哀嚎黑市,哀嚎黑市（PVE副本）- 工厂防线,2,PVE副本,LV_Tiengen_P,/Game/Arts/Maps/Tiengen_New/LV_Tiengen_P,0,,,,,,5100002,哀嚎黑市,DungeonData.WorldID,current_formal_map,true
5200183,遗迹入口,,PVE,PVE副本,哀嚎黑市,哀嚎黑市（PVE副本）- 遗迹入口,2,PVE副本,Suburb_AutumnIsland_01_WP_P,/Game/Arts/Maps/Suburb_AutumnIsland/Suburb_AutumnIsland_01_WP_P,0,,,,,,5100002,哀嚎黑市,DungeonData.WorldID,current_formal_map,true
5200184,荒野遗迹,,PVE,PVE副本,窥秘的角落,窥秘的角落（PVE副本）- 荒野遗迹,2,PVE副本,LV_ForsakenLand_BlackWilderness_WP_P,/Game/Arts/Maps/ForsakenLand_BlackWilderness/LV_ForsakenLand_BlackWilderness_WP_P,0,,,,,,5100004,窥秘的角落,DungeonData.WorldID,current_formal_map,true
5200185,灵性共鸣,,PVE,PVE副本,窥秘的角落,窥秘的角落（PVE副本）- 灵性共鸣,2,PVE副本,LV_CommonMemory_P,/Game/Arts/Maps/CommonMemory/LV_CommonMemory_P,71,,,,,,5100004,窥秘的角落,DungeonData.WorldID,current_formal_map,true
5200186,窥秘邪眼,,PVE,PVE副本,窥秘的角落,窥秘的角落（PVE副本）- 窥秘邪眼,2,PVE副本,Suburb_Castle_WP_P,/Game/Arts/Maps/Suburb_Castle/Suburb_Castle_WP_P,51,,,,,,5100004,窥秘的角落,DungeonData.WorldID,current_formal_map,true
5200187,心灵迷宫,,PVE,PVE副本,窥秘的角落,窥秘的角落（PVE副本）- 心灵迷宫,2,PVE副本,LV_GoldenSycamoreTheatre_P,/Game/Arts/Maps/GoldenSycamoreTheatre/LV_GoldenSycamoreTheatre_P,40,,,,,,5100004,窥秘的角落,DungeonData.WorldID,current_formal_map,true
5200188,暗影邪典,,PVE,PVE副本,窥秘的角落,窥秘的角落（PVE副本）- 暗影邪典,2,PVE副本,LV_Sewer_Lanevus_P,/Game/Arts/Maps/Sewer_Lanevus/LV_Sewer_Lanevus_P,0,,,,,,5100004,窥秘的角落,DungeonData.WorldID,current_formal_map,true
5200189,黑荆棘安保公司,,PVE,PVE副本,窥秘的角落,窥秘的角落（PVE副本）- 黑荆棘安保公司,2,PVE副本,LV_BlackThorns_Company_P,/Game/Arts/Maps/BlackThorns_Company/LV_BlackThorns_Company_P,26,,,,,,5100004,窥秘的角落,DungeonData.WorldID,current_formal_map,true
5200191,遗迹深处,,PVE,PVE副本,PVE副本,PVE副本（PVE副本）- 遗迹深处,2,PVE副本,Suburb_AutumnIsland_01_WP_P,/Game/Arts/Maps/Suburb_AutumnIsland/Suburb_AutumnIsland_01_WP_P,0,,,,,,,,LevelMapData.Type,current_formal_map,true
5200192,众神之巅准备场测试,,活动,特殊活动,特殊活动,特殊活动（特殊活动）- 众神之巅准备场测试,7,特殊活动,LV_5V5Arena_P1_P,/Game/Arts/Maps/5V5Arena_P1/LV_5V5Arena_P1_P,0,,,,,,,,LevelMapData.Type,current_formal_map,true
5200193,荒野遗迹,,PVE,PVE副本,特别执勤,特别执勤（PVE副本）- 荒野遗迹,2,PVE副本,LV_ForsakenLand_BlackWilderness_WP_P,/Game/Arts/Maps/ForsakenLand_BlackWilderness/LV_ForsakenLand_BlackWilderness_WP_P,0,,,,,,5100014,特别执勤,DungeonData.WorldID,current_formal_map,true
5200194,遗迹深处,,PVE,PVE副本,特别执勤,特别执勤（PVE副本）- 遗迹深处,2,PVE副本,LV_Sewer_Lanevus02_P,/Game/Arts/Maps/Sewer_Lanevus02/LV_Sewer_Lanevus02_P,0,,,,,,5100014,特别执勤,DungeonData.WorldID,current_formal_map,true
5200203,黑荆棘安保公司,,PVE,PVE副本,黄金之罪,黄金之罪（PVE副本）- 黑荆棘安保公司,2,PVE副本,LV_BlackThorns_Company_P,/Game/Arts/Maps/BlackThorns_Company/LV_BlackThorns_Company_P,0,,,,,,5100006,黄金之罪,DungeonData.WorldID,current_formal_map,true
5200204,金雨试炼,,PVE,PVE副本,PVE副本,PVE副本（PVE副本）- 金雨试炼,2,PVE副本,LV_Tiengen_P,/Game/Arts/Maps/Tiengen_New/LV_Tiengen_P,0,,,,,,,,LevelMapData.Type,current_formal_map,true
5200205,资本之犬,,PVE,PVE副本,黄金之罪,黄金之罪（PVE副本）- 资本之犬,2,PVE副本,Suburb_Castle_WP_P,/Game/Arts/Maps/Suburb_Castle/Suburb_Castle_WP_P,51,,,,,,5100006,黄金之罪,DungeonData.WorldID,current_formal_map,true
5200206,工厂悲歌,,PVE,PVE副本,黄金之罪,黄金之罪（PVE副本）- 工厂悲歌,2,PVE副本,LV_Tiengen_P,/Game/Arts/Maps/Tiengen_New/LV_Tiengen_P,0,,,,,,5100006,黄金之罪,DungeonData.WorldID,current_formal_map,true
5200207,斩杀线下的挣扎,,PVE,PVE副本,黄金之罪,黄金之罪（PVE副本）- 斩杀线下的挣扎,2,PVE副本,LV_Tiengen_P,/Game/Arts/Maps/Tiengen_New/LV_Tiengen_P,0,,,,,,5100006,黄金之罪,DungeonData.WorldID,current_formal_map,true
5200208,资本终局,,PVE,PVE副本,黄金之罪,黄金之罪（PVE副本）- 资本终局,2,PVE副本,LV_Telisi_P,/Game/Arts/Maps/Telisi/LV_Telisi_P,0,,,,,,5100006,黄金之罪,DungeonData.WorldID,current_formal_map,true
5200209,疯抢之夜,,活动,特殊活动,特殊活动,特殊活动（特殊活动）- 疯抢之夜,25,特殊活动,LV_Tiengen_P,/Game/Arts/Maps/Tiengen_New/LV_Tiengen_P,0,,,,,,,,LevelMapData.Type,current_formal_map,true
5200210,RogueDemo1层,,PVE,PVE副本,PVE副本,PVE副本（PVE副本）- RogueDemo1层,2,PVE副本,LV_WYZY_WP_P,/Game/Arts/Maps/WYZY/LV_WYZY_WP_P,0,,,,,,,,LevelMapData.Type,current_formal_map,true
5200211,RogueDemo2层,,PVE,PVE副本,PVE副本,PVE副本（PVE副本）- RogueDemo2层,2,PVE副本,LV_WYZY_WP_P,/Game/Arts/Maps/WYZY/LV_WYZY_WP_P,0,,,,,,,,LevelMapData.Type,current_formal_map,true
5200212,RogueDemo3层,,PVE,PVE副本,PVE副本,PVE副本（PVE副本）- RogueDemo3层,2,PVE副本,LV_WYZY_WP_P,/Game/Arts/Maps/WYZY/LV_WYZY_WP_P,0,,,,,,,,LevelMapData.Type,current_formal_map,true
5200213,RogueDemo4层,,PVE,PVE副本,PVE副本,PVE副本（PVE副本）- RogueDemo4层,2,PVE副本,LV_WYZY_WP_P,/Game/Arts/Maps/WYZY/LV_WYZY_WP_P,0,,,,,,,,LevelMapData.Type,current_formal_map,true
5200214,RogueDemo5层,,PVE,PVE副本,PVE副本,PVE副本（PVE副本）- RogueDemo5层,2,PVE副本,LV_WYZY_WP_P,/Game/Arts/Maps/WYZY/LV_WYZY_WP_P,0,,,,,,,,LevelMapData.Type,current_formal_map,true
5200215,RogueDemo6层,,PVE,PVE副本,PVE副本,PVE副本（PVE副本）- RogueDemo6层,2,PVE副本,LV_WYZY_WP_P,/Game/Arts/Maps/WYZY/LV_WYZY_WP_P,0,,,,,,,,LevelMapData.Type,current_formal_map,true
5200216,黑荆棘安保公司,,PVE,PVE副本,亡者疑踪,亡者疑踪（PVE副本）- 黑荆棘安保公司,2,PVE副本,LV_BlackThorns_Company_P,/Game/Arts/Maps/BlackThorns_Company/LV_BlackThorns_Company_P,26,,,,,,5100005,亡者疑踪,DungeonData.WorldID,current_formal_map,true
5200217,暗渊祭坛,,PVE,PVE副本,亡者疑踪,亡者疑踪（PVE副本）- 暗渊祭坛,2,PVE副本,LV_Underground_relic03_P,/Game/Arts/Maps/Underground_relic03/LV_Underground_relic03_P,0,,,,,,5100005,亡者疑踪,DungeonData.WorldID,current_formal_map,true
5200218,亡者隘口,,PVE,PVE副本,亡者疑踪,亡者疑踪（PVE副本）- 亡者隘口,2,PVE副本,Suburb_Castle_WP_P,/Game/Arts/Maps/Suburb_Castle/Suburb_Castle_WP_P,0,,,,,,5100005,亡者疑踪,DungeonData.WorldID,current_formal_map,true
5200219,拦路古尸,,PVE,PVE副本,亡者疑踪,亡者疑踪（PVE副本）- 拦路古尸,2,PVE副本,Suburb_Castle_WP_P,/Game/Arts/Maps/Suburb_Castle/Suburb_Castle_WP_P,0,,,,,,5100005,亡者疑踪,DungeonData.WorldID,current_formal_map,true
5200220,破晓防线,,PVE,PVE副本,亡者疑踪,亡者疑踪（PVE副本）- 破晓防线,2,PVE副本,LV_Tiengen_P,/Game/Arts/Maps/Tiengen_New/LV_Tiengen_P,0,,,,,,5100005,亡者疑踪,DungeonData.WorldID,current_formal_map,true
5200221,永眠祭坛,,PVE,PVE副本,亡者疑踪,亡者疑踪（PVE副本）- 永眠祭坛,2,PVE副本,Suburb_Castle_WP_P,/Game/Arts/Maps/Suburb_Castle/Suburb_Castle_WP_P,0,,,,,,5100005,亡者疑踪,DungeonData.WorldID,current_formal_map,true
5200223,四方联赛,,PVP,PVP,四方联赛,四方联赛（PVP）- 四方联赛,10,PVP,LV_GuildBattleField_Four_P,/Game/Arts/Maps/GuildBattleField/LV_GuildBattleField_Four/LV_GuildBattleField_Four_P,65,,5500009,四方联赛,GUILD_LEAGUE,0,,,PVPGameModeData.BattleScene,current_formal_map,true
5200224,机械核心,,PVE,PVE副本,大帝重临,大帝重临（PVE副本）- 机械核心,2,PVE副本,LV_RossellBattle_P,/Game/Arts/Maps/RossellBattle/LV_RossellBattle_P,0,,,,,,5100064,大帝重临,DungeonData.WorldID,current_formal_map,true
5200225,机械核心,,PVE,PVE副本,大帝重临,大帝重临（PVE副本）- 机械核心,2,PVE副本,LV_RossellBattle_P,/Game/Arts/Maps/RossellBattle/LV_RossellBattle_P,0,,,,,,5100065,大帝重临,DungeonData.WorldID,current_formal_map,true
5200226,机械核心,,PVE,PVE副本,罗塞尔单BOSS团本-终局挑战,罗塞尔单BOSS团本-终局挑战（PVE副本）- 机械核心,2,PVE副本,LV_RossellBattle_P,/Game/Arts/Maps/RossellBattle/LV_RossellBattle_P,0,,,,,,5100075,罗塞尔单BOSS团本-终局挑战,DungeonData.WorldID,current_formal_map,true
5200227,廷根偶遇,,PVE,PVE副本,哀嚎黑市,哀嚎黑市（PVE副本）- 廷根偶遇,2,PVE副本,LV_Tiengen_P,/Game/Arts/Maps/Tiengen_New/LV_Tiengen_P,0,,,,,,5100002,哀嚎黑市,DungeonData.WorldID,current_formal_map,true
5200229,征服宣令,,PVP,PVP,战略服俱乐部宣战,战略服俱乐部宣战（PVP）- 征服宣令,26,PVP,LV_Guild_P,/Game/Arts/Maps/Guild/LV_Guild_P,81,,5500014,战略服俱乐部宣战,GUILD_DECLARE_WAR,0,,,PVPGameModeData.BattleScene,current_formal_map,true
5200233,罪恶廷根,,活动,特殊活动,特殊活动,特殊活动（特殊活动）- 罪恶廷根,25,特殊活动,LV_Tiengen_P,/Game/Arts/Maps/Tiengen_New/LV_Tiengen_P,3,,,,,,,,LevelMapData.Type,current_formal_map,true
5200235,金雨试炼,,PVE,PVE副本,黄金之罪,黄金之罪（PVE副本）- 金雨试炼,2,PVE副本,LV_GoldenSycamoreTheatre_P,/Game/Arts/Maps/Tiengen_New/SeamlessLevelInstance/GoldenSycamoreTheatre/LV_GoldenSycamoreTheatre_P,0,,,,,,5100006,黄金之罪,DungeonData.WorldID,current_formal_map,true
5200236,罪恶廷根,,活动,特殊活动,特殊活动,特殊活动（特殊活动）- 罪恶廷根,25,特殊活动,LV_GoldenSycamoreTheatre_P,/Game/Arts/Maps/Tiengen_New/SeamlessLevelInstance/GoldenSycamoreTheatre/LV_GoldenSycamoreTheatre_P,3,,,,,,,,LevelMapData.Type,current_formal_map,true
5200240,晦暗庄园,,PVE,PVE副本,PVE副本,PVE副本（PVE副本）- 晦暗庄园,2,PVE副本,LV_WYZY_WP_P,/Game/Arts/Maps/WYZY/LV_WYZY_WP_P,0,,,,,,,,LevelMapData.Type,current_formal_map,true
5200241,教堂田野,,PVE,PVE副本,PVE副本,PVE副本（PVE副本）- 教堂田野,2,PVE副本,LV_CommanVillage_WP_P,/Game/Arts/Maps/CommanVillage/LV_CommanVillage_WP_P,0,,,,,,,,LevelMapData.Type,current_formal_map,true
5200242,残破村庄,,PVE,PVE副本,PVE副本,PVE副本（PVE副本）- 残破村庄,2,PVE副本,LV_ForsakenLand_BlackWilderness_WP_P,/Game/Arts/Maps/ForsakenLand_BlackWilderness/LV_ForsakenLand_BlackWilderness_WP_P,0,,,,,,,,LevelMapData.Type,current_formal_map,true
5200243,寂静陵园,,PVE,PVE副本,PVE副本,PVE副本（PVE副本）- 寂静陵园,2,PVE副本,Suburb_AutumnIsland_01_WP_P,/Game/Arts/Maps/Suburb_AutumnIsland/Suburb_AutumnIsland_01_WP_P,0,,,,,,,,LevelMapData.Type,current_formal_map,true
5200244,城堡河岸,,PVE,PVE副本,PVE副本,PVE副本（PVE副本）- 城堡河岸,2,PVE副本,Suburb_Castle_WP_P,/Game/Arts/Maps/Suburb_Castle/Suburb_Castle_WP_P,0,,,,,,,,LevelMapData.Type,current_formal_map,true
5200245,冰冷废墟,,PVE,PVE副本,PVE副本,PVE副本（PVE副本）- 冰冷废墟,2,PVE副本,Suburb_SnowMountain_WP_P,/Game/Arts/Maps/Suburb_SnowMountain/Suburb_SnowMountain_WP_P,0,,,,,,,,LevelMapData.Type,current_formal_map,true
5200247,夜总会,,探索,城市/室内/探索区域,探索区域,探索区域（城市/室内/探索区域）- 夜总会,8,城市/室内/探索区域,LV_NightClub_P,/Game/Arts/Maps/Tiengen_New/SeamlessLevelInstance/NightClub/LV_NightClub_P,98,,,,,,,,LevelMapData.Type,current_formal_map,true
5200248,QA资源测试模版关卡,,探索,城市/室内/探索区域,探索区域,探索区域（城市/室内/探索区域）- QA资源测试模版关卡,8,城市/室内/探索区域,LV_QAResourceTest_P,/Game/Arts/Maps/QATest/LV_QAResourceTest_P,0,,,,,,,,LevelMapData.Type,current_formal_map,true
5200250,逃离监狱,,活动,特殊活动,特殊活动,特殊活动（特殊活动）- 逃离监狱,25,特殊活动,LV_Sewer_Lanevus_P,/Game/Arts/Maps/Sewer_Lanevus/LV_Sewer_Lanevus_P,0,,,,,,,,LevelMapData.Type,current_formal_map,true
5200251,遗迹深处,,PVE,PVE副本,哀嚎黑市,哀嚎黑市（PVE副本）- 遗迹深处,2,PVE副本,LV_Sewer_Lanevus02_P,/Game/Arts/Maps/Sewer_Lanevus02/LV_Sewer_Lanevus02_P,0,,,,,,5100002,哀嚎黑市,DungeonData.WorldID,current_formal_map,true
5200252,训练场,,活动,特殊活动,特殊活动,特殊活动（特殊活动）- 训练场,27,特殊活动,LV_Factory_P,/Game/Arts/Maps/Factory/LV_Factory_P,29,,,,,,,,LevelMapData.Type,current_formal_map,true
5200253,霜陨领主,,PVP,PVP,霜殒领主,霜殒领主（PVP）- 霜陨领主,29,PVP,Suburb_SnowMountain_WP_P,/Game/Arts/Maps/Suburb_SnowMountain/Suburb_SnowMountain_WP_P,86,,5500015,霜殒领主,FROSTFALL_LORD,1,,,PVPGameModeData.BattleScene,current_formal_map,true
5200254,夜总会,,探索,城市/室内/探索区域,探索区域,探索区域（城市/室内/探索区域）- 夜总会,8,城市/室内/探索区域,LV_NightClub_P,/Game/Arts/Maps/Tiengen_New/SeamlessLevelInstance/NightClub/LV_NightClub_P,98,,,,,,,,LevelMapData.Type,current_formal_map,true
5200255,神秘庄园,,PVE,PVE副本,记忆的传承·强尼,记忆的传承·强尼（PVE副本）- 神秘庄园,2,PVE副本,LV_Telisi_P,/Game/Arts/Maps/Telisi/LV_Telisi_P,0,,,,,,5100070,记忆的传承·强尼,DungeonData.WorldID,current_formal_map,true
5200256,猎龙之城,,PVE,PVE副本,记忆的传承·火龙,记忆的传承·火龙（PVE副本）- 猎龙之城,2,PVE副本,LV_GVGArena_WP_P,/Game/Arts/Maps/GVGArena/LV_GVGArena_WP_P,0,,,,,,5100071,记忆的传承·火龙,DungeonData.WorldID,current_formal_map,true
5200257,金梧桐剧院,,PVE,PVE副本,记忆的传承·邦尼,记忆的传承·邦尼（PVE副本）- 金梧桐剧院,2,PVE副本,LV_GoldenSycamoreTheatre_P,/Game/Arts/Maps/Tiengen_New/SeamlessLevelInstance/GoldenSycamoreTheatre/LV_GoldenSycamoreTheatre_P,0,,,,,,5100072,记忆的传承·邦尼,DungeonData.WorldID,current_formal_map,true
5200258,工厂深处,,PVE,PVE副本,记忆的传承·钻头,记忆的传承·钻头（PVE副本）- 工厂深处,2,PVE副本,LV_Tiengen_P,/Game/Arts/Maps/Tiengen_New/LV_Tiengen_P,0,,,,,,5100073,记忆的传承·钻头,DungeonData.WorldID,current_formal_map,true
5200263,荒野遗迹,,PVE,PVE副本,PVE副本,PVE副本（PVE副本）- 荒野遗迹,2,PVE副本,LV_UtopianTheater_BlackWilderness_P,/Game/Arts/Maps/UtopianTheater_BlackWilderness/LV_UtopianTheater_BlackWilderness_P,0,,,,,,,,LevelMapData.Type,current_formal_map,true
5200264,意识岛屿,,PVE,PVE副本,PVE副本,PVE副本（PVE副本）- 意识岛屿,2,PVE副本,LV_UtopianTheater_Mindisland_P,/Game/Arts/Maps/UtopianTheater_Mindisland/LV_UtopianTheater_Mindisland_P,0,,,,,,,,LevelMapData.Type,current_formal_map,true
5200265,郊野林地,,PVE,PVE副本,PVE副本,PVE副本（PVE副本）- 郊野林地,2,PVE副本,LV_UtopianTheater_Idyllic_Grassland_P,/Game/Arts/Maps/UtopianTheater_Idyllic_Grassland/LV_UtopianTheater_Idyllic_Grassland_P,0,,,,,,,,LevelMapData.Type,current_formal_map,true
5200266,雪山脚下,,PVE,PVE副本,PVE副本,PVE副本（PVE副本）- 雪山脚下,2,PVE副本,LV_UtopianTheater_SnowMountain_WP_P,/Game/Arts/Maps/UtopianTheater_SnowMountain/LV_UtopianTheater_SnowMountain_WP_P,0,,,,,,,,LevelMapData.Type,current_formal_map,true
5200267,布料风动测试场景,,探索,城市/室内/探索区域,探索区域,探索区域（城市/室内/探索区域）- 布料风动测试场景,8,城市/室内/探索区域,LV_WindTest_P,/Game/Arts/Maps/WindTest/LV_WindTest_P,0,,,,,,,,LevelMapData.Type,current_formal_map,true
5200268,俱乐部,,探索,城市/室内/探索区域,探索区域,探索区域（城市/室内/探索区域）- 俱乐部,8,城市/室内/探索区域,LV_Guild_P,/Game/Arts/Maps/Guild/LV_Guild_P,81,,,,,,,,LevelMapData.Type,current_formal_map,true
5200269,胜者宣言,,活动,特殊活动,特殊活动,特殊活动（特殊活动）- 胜者宣言,34,特殊活动,LV_GvG_Amphitheatre_P,/Game/Arts/Maps/Amphitheatre/LV_GvG_Amphitheatre_P,0,,,,,,,,LevelMapData.Type,current_formal_map,true
5200270,圣赛琳娜教堂,,探索,城市/室内/探索区域,探索区域,探索区域（城市/室内/探索区域）- 圣赛琳娜教堂,8,城市/室内/探索区域,LV_Tiengen_P,/Game/Arts/Maps/Tiengen_New/LV_Tiengen_P,97,5200002,,,,,,,LevelMapData.Type,current_formal_map,true
5200271,霍纳奇斯花海,,活动,特殊活动,特殊活动,特殊活动（特殊活动）- 霍纳奇斯花海,38,特殊活动,LV_Idyllic_Grassland_WP_P,/Game/Arts/Maps/Idyllic_Grassland/LV_Idyllic_Grassland_WP_P,67,,,,,,,,LevelMapData.Type,current_formal_map,true
5200272,神秘庄园,,PVE,PVE副本,记忆的传承·强尼,记忆的传承·强尼（PVE副本）- 神秘庄园,2,PVE副本,LV_Telisi_P,/Game/Arts/Maps/Telisi/LV_Telisi_P,0,,,,,,5100066,记忆的传承·强尼,DungeonData.WorldID,current_formal_map,true
5200273,猎龙之城,,PVE,PVE副本,记忆的传承·火龙,记忆的传承·火龙（PVE副本）- 猎龙之城,2,PVE副本,LV_GVGArena_WP_P,/Game/Arts/Maps/GVGArena/LV_GVGArena_WP_P,0,,,,,,5100067,记忆的传承·火龙,DungeonData.WorldID,current_formal_map,true
5200274,金梧桐剧院,,PVE,PVE副本,记忆的传承·邦尼,记忆的传承·邦尼（PVE副本）- 金梧桐剧院,2,PVE副本,LV_GoldenSycamoreTheatre_P,/Game/Arts/Maps/Tiengen_New/SeamlessLevelInstance/GoldenSycamoreTheatre/LV_GoldenSycamoreTheatre_P,0,,,,,,5100068,记忆的传承·邦尼,DungeonData.WorldID,current_formal_map,true
5200275,工厂深处,,PVE,PVE副本,记忆的传承·钻头,记忆的传承·钻头（PVE副本）- 工厂深处,2,PVE副本,LV_Tiengen_P,/Game/Arts/Maps/Tiengen_New/LV_Tiengen_P,0,,,,,,5100069,记忆的传承·钻头,DungeonData.WorldID,current_formal_map,true
5200277,战略霍纳奇斯山脉,,活动,特殊活动,特殊活动,特殊活动（特殊活动）- 战略霍纳奇斯山脉,39,特殊活动,Suburb_SnowMountain_WP_P,/Game/Arts/Maps/Suburb_SnowMountain/Suburb_SnowMountain_WP_P,36,,,,,,,,LevelMapData.Type,current_formal_map,true
5200278,猎龙之城,,PVE,PVE副本,记忆的传承·火龙,记忆的传承·火龙（PVE副本）- 猎龙之城,2,PVE副本,LV_GVGArena_WP_P,/Game/Arts/Maps/GVGArena/LV_GVGArena_WP_P,0,,,,,,5100074,记忆的传承·火龙,DungeonData.WorldID,current_formal_map,true
5200279,战略廷根,,活动,特殊活动,特殊活动,特殊活动（特殊活动）- 战略廷根,40,特殊活动,LV_Tiengen_P,/Game/Arts/Maps/Tiengen_New/LV_Tiengen_P,3,,,,,,,,LevelMapData.Type,current_formal_map,true
5200280,勇者对决,,PVP,1v1,房间1v1模式,房间1v1模式（1v1）- 勇者对决,3,竞技场,LV_Arena_P,/Game/Arts/Maps/Arena/LV_Arena_P,18,,5500017,房间1v1模式,MATCH_TYPE_1V1,1,,,PVPGameModeData.BattleScene,current_formal_map,true
5202005,霍纳奇斯花海,,探索,城市/室内/探索区域,探索区域,探索区域（城市/室内/探索区域）- 霍纳奇斯花海,8,城市/室内/探索区域,LV_Idyllic_Grassland_WP_P,/Game/Arts/Maps/Idyllic_Grassland/LV_Idyllic_Grassland_WP_P,67,,,,,,,,LevelMapData.Type,current_formal_map,true
5203003,命运时刻,,PVP,12v12,命运时刻,命运时刻（12v12）- 命运时刻,14,12v12,LV_12V12Arena_P,/Game/Arts/Maps/12V12Arena/LV_12V12Arena_P,49,,5500003,命运时刻,TEAM12V12,12,,,PVPGameModeData.BattleScene | MatchPoolData,current_formal_map,true
5208002,主宰争锋,湖区场景,PVP,3v3,主宰争锋,主宰争锋（3v3）- 湖区场景,3,竞技场,LV_33ArenaLake_P,/Game/Arts/Maps/3V3ArenaLake/LV_33ArenaLake_P,57,,5500002,主宰争锋,TEAM3V3,3,,,PVPRandomSceneData | RegularPVPRandomSceneData,current_formal_map,true
5208003,主宰争锋,雪地场景,PVP,3v3,主宰争锋,主宰争锋（3v3）- 雪地场景,3,竞技场,LV_33ArenaSnow_P,/Game/Arts/Maps/3V3ArenaSnow/LV_33ArenaSnow_P,56,,5500002,主宰争锋,TEAM3V3,3,,,PVPRandomSceneData | RegularPVPRandomSceneData,current_formal_map,true
5208004,神座之争,,PVP,6v6,神座之争,神座之争（6v6）- 神座之争,22,6v6,Lv_5v5Arena_P,/Game/Arts/Maps/5V5Arena/Lv_5v5Arena_P,50,,5500010,神座之争,TEAM6V6,6,,,PVPGameModeData.BattleScene | MatchPoolData | RegularPVPRandomSceneData,current_formal_map,true
5208012,主宰争锋,陆地场景,PVP,3v3,主宰争锋,主宰争锋（3v3）- 陆地场景,3,竞技场,LV_33ArenaLand_P,/Game/Arts/Maps/3V3ArenaLand/LV_33ArenaLand_P,63,,5500002,主宰争锋,TEAM3V3,3,,,PVPRandomSceneData | RegularPVPRandomSceneData,current_formal_map,true
5208016,魅影长廊,,活动,特殊活动,特殊活动,特殊活动（特殊活动）- 魅影长廊,11,特殊活动,LV_GuildFashionShow_P,/Game/Arts/Maps/GuildFashionShow/LV_GuildFashionShow_P,78,,,,,,,,LevelMapData.Type,current_formal_map,true
5208017,主宰争锋,梅园场景,PVP,3v3,主宰争锋,主宰争锋（3v3）- 梅园场景,3,竞技场,LV_33ArenaMay_P,/Game/Arts/Maps/3V3ArenaMay/LV_33ArenaMay_P,61,,5500002,主宰争锋,TEAM3V3,3,,,PVPRandomSceneData | RegularPVPRandomSceneData,current_formal_map,true
5208018,主宰争锋,教堂场景,PVP,3v3,主宰争锋,主宰争锋（3v3）- 教堂场景,3,竞技场,LV_33ArenaChurch_P,/Game/Arts/Maps/3V3ArenaChurch/LV_33ArenaChurch_P,79,,5500002,主宰争锋,TEAM3V3,3,,,PVPRandomSceneData | RegularPVPRandomSceneData,current_formal_map,true
5208019,魅影长廊,,剧情,剧情/任务实例,剧情任务,剧情任务（剧情/任务实例）- 魅影长廊,6,剧情/任务实例,LV_GuildFashionShow_P,/Game/Arts/Maps/GuildFashionShow/LV_GuildFashionShow_P,78,,,,,,,,LevelMapData.Type,current_formal_map,true
5208020,名流之殿,,活动,特殊活动,特殊活动,特殊活动（特殊活动）- 名流之殿,35,特殊活动,LV_BanquetHall_LuxuryParty_P,/Game/Arts/Maps/BanquetHall_LuxuryParty/LV_BanquetHall_LuxuryParty_P,0,,,,,,,,LevelMapData.Type,current_formal_map,true
5208021,名流盛宴,,活动,特殊活动,特殊活动,特殊活动（特殊活动）- 名流盛宴,36,特殊活动,LV_BanquetHall_LuxuryParty_P,/Game/Arts/Maps/BanquetHall_LuxuryParty/LV_BanquetHall_LuxuryParty_P,0,,,,,,,,LevelMapData.Type,current_formal_map,true
5209003,登录,,系统,系统场景,系统场景,系统场景（系统场景）- 登录,0,系统场景,LV_Login,/Game/Arts/Maps/Login/LV_Login,0,,,,,,,,LevelMapData.Type,current_formal_map,true
5209005,选角测试题场景,,系统,系统场景,系统场景,系统场景（系统场景）- 选角测试题场景,0,系统场景,LV_CharacterCreation_P,/Game/Arts/Maps/CharacterCreation/LV_CharacterCreation_P,0,,,,,,,,LevelMapData.Type,current_formal_map,true
5209006,捏脸默认场景,,系统,系统场景,系统场景,系统场景（系统场景）- 捏脸默认场景,0,系统场景,LV_CustomRoleMap,/Game/Arts/Maps/CustomRoleMap/LV_CustomRoleMap,0,,,,,,,,LevelMapData.Type,current_formal_map,false
5209007,选角测试题场景2,,系统,系统场景,系统场景,系统场景（系统场景）- 选角测试题场景2,0,系统场景,LV_Showroom,/Game/Arts/Maps/CharacterShowRoom/LV_Showroom,0,,,,,,,,LevelMapData.Type,current_formal_map,false
5209900,数值测试场景,,开放世界,主城/开放区域,开放世界,开放世界（主城/开放区域）- 数值测试场景,1,主城/开放区域,LV_Startplace2_P,/Game/Arts/Maps/Startplace/LV_Startplace2_P,0,,,,,,,,LevelMapData.Type,current_formal_map,true
5230006,廷根,,剧情,剧情/任务实例,剧情任务,剧情任务（剧情/任务实例）- 廷根,6,剧情/任务实例,LV_Tiengen_P,/Game/Arts/Maps/Tiengen_New/LV_Tiengen_P,3,0,,,,,,,LevelMapData.Type,current_formal_map,true
5230030,廷根,,剧情,剧情/任务实例,剧情任务,剧情任务（剧情/任务实例）- 廷根,6,剧情/任务实例,LV_Tiengen_P,/Game/Arts/Maps/Tiengen_New/LV_Tiengen_P,3,0,,,,,,,LevelMapData.Type,current_formal_map,true
5230056,廷根,,剧情,剧情/任务实例,剧情任务,剧情任务（剧情/任务实例）- 廷根,6,剧情/任务实例,LV_Tiengen_P,/Game/Arts/Maps/Tiengen_New/LV_Tiengen_P,3,0,,,,,,,LevelMapData.Type,current_formal_map,true
5230070,廷根,,剧情,剧情/任务实例,剧情任务,剧情任务（剧情/任务实例）- 廷根,6,剧情/任务实例,LV_Tiengen_P,/Game/Arts/Maps/Tiengen_New/LV_Tiengen_P,3,0,,,,,,,LevelMapData.Type,current_formal_map,true
5230071,韦尔奇家,,剧情,剧情/任务实例,剧情任务,剧情任务（剧情/任务实例）- 韦尔奇家,6,剧情/任务实例,LV_Rich_house_P,/Game/Arts/Maps/Rich_house/LV_Rich_house_P,39,0,,,,,,,LevelMapData.Type,current_formal_map,true
5230148,黑荆棘安保公司,,剧情,剧情/任务实例,剧情任务,剧情任务（剧情/任务实例）- 黑荆棘安保公司,6,剧情/任务实例,LV_BlackThorns_Company_P,/Game/Arts/Maps/BlackThorns_Company/LV_BlackThorns_Company_P,7,0,,,,,,,LevelMapData.Type,current_formal_map,true
5230149,黑荆棘安保公司,,剧情,剧情/任务实例,剧情任务,剧情任务（剧情/任务实例）- 黑荆棘安保公司,6,剧情/任务实例,LV_BlackThorns_Company_P,/Game/Arts/Maps/BlackThorns_Company/LV_BlackThorns_Company_P,7,0,,,,,,,LevelMapData.Type,current_formal_map,true
5230150,廷根,,剧情,剧情/任务实例,剧情任务,剧情任务（剧情/任务实例）- 廷根,6,剧情/任务实例,LV_Tiengen_P,/Game/Arts/Maps/Tiengen_New/LV_Tiengen_P,3,0,,,,,,,LevelMapData.Type,current_formal_map,true
5230151,廷根,,剧情,剧情/任务实例,剧情任务,剧情任务（剧情/任务实例）- 廷根,6,剧情/任务实例,LV_Tiengen_P,/Game/Arts/Maps/Tiengen_New/LV_Tiengen_P,3,0,,,,,,,LevelMapData.Type,current_formal_map,true
5230152,廷根,,剧情,剧情/任务实例,剧情任务,剧情任务（剧情/任务实例）- 廷根,6,剧情/任务实例,LV_Tiengen_P,/Game/Arts/Maps/Tiengen_New/LV_Tiengen_P,3,0,,,,,,,LevelMapData.Type,current_formal_map,true
5230153,黑荆棘安保公司,,剧情,剧情/任务实例,剧情任务,剧情任务（剧情/任务实例）- 黑荆棘安保公司,6,剧情/任务实例,LV_BlackThorns_Company_P,/Game/Arts/Maps/BlackThorns_Company/LV_BlackThorns_Company_P,7,0,,,,,,,LevelMapData.Type,current_formal_map,true
5230154,廷根,,剧情,剧情/任务实例,剧情任务,剧情任务（剧情/任务实例）- 廷根,6,剧情/任务实例,LV_Tiengen_P,/Game/Arts/Maps/Tiengen_New/LV_Tiengen_P,3,0,,,,,,,LevelMapData.Type,current_formal_map,true
5230155,廷根,,剧情,剧情/任务实例,剧情任务,剧情任务（剧情/任务实例）- 廷根,6,剧情/任务实例,LV_Tiengen_P,/Game/Arts/Maps/Tiengen_New/LV_Tiengen_P,3,0,,,,,,,LevelMapData.Type,current_formal_map,true
5230157,廷根,,剧情,剧情/任务实例,剧情任务,剧情任务（剧情/任务实例）- 廷根,6,剧情/任务实例,LV_Tiengen_P,/Game/Arts/Maps/Tiengen_New/LV_Tiengen_P,3,0,,,,,,,LevelMapData.Type,current_formal_map,true
5230158,？？？,,剧情,剧情/任务实例,剧情任务,剧情任务（剧情/任务实例）- ？？？,6,剧情/任务实例,LV_TrueCreatorBattle_P,/Game/Arts/Maps/TrueCreatorBattle/LV_TrueCreatorBattle_P,0,0,,,,,,,LevelMapData.Type,current_formal_map,true
5230159,廷根,,剧情,剧情/任务实例,剧情任务,剧情任务（剧情/任务实例）- 廷根,6,剧情/任务实例,LV_Tiengen_P,/Game/Arts/Maps/Tiengen_New/LV_Tiengen_P,3,0,,,,,,,LevelMapData.Type,current_formal_map,true
5230160,黑荆棘安保公司,,剧情,剧情/任务实例,剧情任务,剧情任务（剧情/任务实例）- 黑荆棘安保公司,6,剧情/任务实例,LV_BlackThorns_Company_P,/Game/Arts/Maps/BlackThorns_Company/LV_BlackThorns_Company_P,7,0,,,,,,,LevelMapData.Type,current_formal_map,true
5230161,廷根,,剧情,剧情/任务实例,剧情任务,剧情任务（剧情/任务实例）- 廷根,6,剧情/任务实例,LV_Tiengen_P,/Game/Arts/Maps/Tiengen_New/LV_Tiengen_P,3,0,,,,,,,LevelMapData.Type,current_formal_map,true
5230174,海岸线餐厅,,剧情,剧情/任务实例,剧情任务,剧情任务（剧情/任务实例）- 海岸线餐厅,6,剧情/任务实例,LV_Tiengen_P,/Game/Arts/Maps/Tiengen_New/LV_Tiengen_P,3,0,,,,,,,LevelMapData.Type,current_formal_map,true
5230176,厨房,,剧情,剧情/任务实例,剧情任务,剧情任务（剧情/任务实例）- 厨房,6,剧情/任务实例,LV_CommonKitchen_P,/Game/Arts/Maps/CommonKitchen/LV_CommonKitchen_P,66,0,,,,,,,LevelMapData.Type,current_formal_map,true
5230187,弗兰奇公寓,,剧情,剧情/任务实例,剧情任务,剧情任务（剧情/任务实例）- 弗兰奇公寓,6,剧情/任务实例,LV_Ferlanqi_FlatsNew_P,/Game/Arts/Maps/Ferlanqi_FlatsNew/LV_Ferlanqi_FlatsNew_P,6,0,,,,,,,LevelMapData.Type,current_formal_map,true
5230190,廷根,,剧情,剧情/任务实例,剧情任务,剧情任务（剧情/任务实例）- 廷根,6,剧情/任务实例,LV_Tiengen_P,/Game/Arts/Maps/Tiengen_New/LV_Tiengen_P,3,0,,,,,,,LevelMapData.Type,current_formal_map,true
5230238,廷根,,剧情,剧情/任务实例,剧情任务,剧情任务（剧情/任务实例）- 廷根,6,剧情/任务实例,LV_Tiengen_P,/Game/Arts/Maps/Tiengen_New/LV_Tiengen_P,3,0,,,,,,,LevelMapData.Type,current_formal_map,true
5230239,黑荆棘安保公司,,剧情,剧情/任务实例,剧情任务,剧情任务（剧情/任务实例）- 黑荆棘安保公司,6,剧情/任务实例,LV_BlackThorns_Company_P,/Game/Arts/Maps/BlackThorns_Company/LV_BlackThorns_Company_P,7,0,,,,,,,LevelMapData.Type,current_formal_map,true
5230240,弗兰奇公寓,,剧情,剧情/任务实例,剧情任务,剧情任务（剧情/任务实例）- 弗兰奇公寓,6,剧情/任务实例,LV_Ferlanqi_FlatsNew_P,/Game/Arts/Maps/Ferlanqi_FlatsNew/LV_Ferlanqi_FlatsNew_P,6,0,,,,,,,LevelMapData.Type,current_formal_map,true
5230241,廷根,,剧情,剧情/任务实例,剧情任务,剧情任务（剧情/任务实例）- 廷根,6,剧情/任务实例,LV_Tiengen_P,/Game/Arts/Maps/Tiengen_New/LV_Tiengen_P,3,0,,,,,,,LevelMapData.Type,current_formal_map,true
5230242,黑荆棘安保公司,,剧情,剧情/任务实例,剧情任务,剧情任务（剧情/任务实例）- 黑荆棘安保公司,6,剧情/任务实例,LV_BlackThorns_Company_P,/Game/Arts/Maps/BlackThorns_Company/LV_BlackThorns_Company_P,7,0,,,,,,,LevelMapData.Type,current_formal_map,true
5230255,霍纳奇斯山脉,,剧情,剧情/任务实例,剧情任务,剧情任务（剧情/任务实例）- 霍纳奇斯山脉,6,剧情/任务实例,Suburb_SnowMountain_WP_P,/Game/Arts/Maps/Suburb_SnowMountain/Suburb_SnowMountain_WP_P,36,0,,,,,,,LevelMapData.Type,current_formal_map,true
5230260,工厂,,剧情,剧情/任务实例,剧情任务,剧情任务（剧情/任务实例）- 工厂,6,剧情/任务实例,LV_Factory_P,/Game/Arts/Maps/Factory/LV_Factory_P,29,0,,,,,,,LevelMapData.Type,current_formal_map,true
5230261,码头,,剧情,剧情/任务实例,剧情任务,剧情任务（剧情/任务实例）- 码头,6,剧情/任务实例,LV_Ruierbibo_P,/Game/Arts/Maps/Ruierbibo_Blockout/LV_Ruierbibo_P,30,0,,,,,,,LevelMapData.Type,current_formal_map,true
5230266,黑荆棘安保公司,,剧情,剧情/任务实例,剧情任务,剧情任务（剧情/任务实例）- 黑荆棘安保公司,6,剧情/任务实例,LV_BlackThorns_Company_P,/Game/Arts/Maps/BlackThorns_Company/LV_BlackThorns_Company_P,7,0,,,,,,,LevelMapData.Type,current_formal_map,true
5230267,廷根,,剧情,剧情/任务实例,剧情任务,剧情任务（剧情/任务实例）- 廷根,6,剧情/任务实例,LV_Tiengen_P,/Game/Arts/Maps/Tiengen_New/LV_Tiengen_P,3,0,,,,,,,LevelMapData.Type,current_formal_map,true
5230268,黑荆棘安保公司,,剧情,剧情/任务实例,剧情任务,剧情任务（剧情/任务实例）- 黑荆棘安保公司,6,剧情/任务实例,LV_BlackThorns_Company_P,/Game/Arts/Maps/BlackThorns_Company/LV_BlackThorns_Company_P,7,0,,,,,,,LevelMapData.Type,current_formal_map,true
5230269,廷根,,剧情,剧情/任务实例,剧情任务,剧情任务（剧情/任务实例）- 廷根,6,剧情/任务实例,LV_Tiengen_P,/Game/Arts/Maps/Tiengen_New/LV_Tiengen_P,3,0,,,,,,,LevelMapData.Type,current_formal_map,true
5230270,双房间民居,,剧情,剧情/任务实例,剧情任务,剧情任务（剧情/任务实例）- 双房间民居,6,剧情/任务实例,LV_Rylbir_Houes_P,/Game/Arts/Maps/Rylbir_Houes/LV_Rylbir_Houes_P,16,0,,,,,,,LevelMapData.Type,current_formal_map,true
5230271,弗兰奇公寓,,剧情,剧情/任务实例,剧情任务,剧情任务（剧情/任务实例）- 弗兰奇公寓,6,剧情/任务实例,LV_Ferlanqi_FlatsNew_P,/Game/Arts/Maps/Ferlanqi_FlatsNew/LV_Ferlanqi_FlatsNew_P,6,0,,,,,,,LevelMapData.Type,current_formal_map,true
5230272,黑荆棘安保公司,,剧情,剧情/任务实例,剧情任务,剧情任务（剧情/任务实例）- 黑荆棘安保公司,6,剧情/任务实例,LV_BlackThorns_Company_P,/Game/Arts/Maps/BlackThorns_Company/LV_BlackThorns_Company_P,7,0,,,,,,,LevelMapData.Type,current_formal_map,true
5230273,双房间民居,,剧情,剧情/任务实例,剧情任务,剧情任务（剧情/任务实例）- 双房间民居,6,剧情/任务实例,LV_Rylbir_Houes_P,/Game/Arts/Maps/Rylbir_Houes/LV_Rylbir_Houes_P,16,0,,,,,,,LevelMapData.Type,current_formal_map,true
5230274,黑荆棘安保公司,,剧情,剧情/任务实例,剧情任务,剧情任务（剧情/任务实例）- 黑荆棘安保公司,6,剧情/任务实例,LV_BlackThorns_Company_P,/Game/Arts/Maps/BlackThorns_Company/LV_BlackThorns_Company_P,7,0,,,,,,,LevelMapData.Type,current_formal_map,true
5230276,黑荆棘安保公司,,剧情,剧情/任务实例,剧情任务,剧情任务（剧情/任务实例）- 黑荆棘安保公司,6,剧情/任务实例,LV_BlackThorns_Company_P,/Game/Arts/Maps/BlackThorns_Company/LV_BlackThorns_Company_P,7,0,,,,,,,LevelMapData.Type,current_formal_map,true
5230277,工厂,,剧情,剧情/任务实例,剧情任务,剧情任务（剧情/任务实例）- 工厂,6,剧情/任务实例,LV_Factory_P,/Game/Arts/Maps/Factory/LV_Factory_P,29,0,,,,,,,LevelMapData.Type,current_formal_map,true
5230278,源堡,,剧情,剧情/任务实例,剧情任务,剧情任务（剧情/任务实例）- 源堡,6,剧情/任务实例,LV_SefirahCastle_P,/Game/Arts/Maps/SefirahCastle/LV_SefirahCastle_P,17,0,,,,,,,LevelMapData.Type,current_formal_map,true
5230279,廷根,,剧情,剧情/任务实例,剧情任务,剧情任务（剧情/任务实例）- 廷根,6,剧情/任务实例,LV_Tiengen_P,/Game/Arts/Maps/Tiengen_New/LV_Tiengen_P,3,0,,,,,,,LevelMapData.Type,current_formal_map,true
5230280,水仙花街2号,,剧情,剧情/任务实例,剧情任务,剧情任务（剧情/任务实例）- 水仙花街2号,6,剧情/任务实例,LV_ShuiXian_Villa_P,/Game/Arts/Maps/ShuiXian_Villa/LV_ShuiXian_Villa_P,41,0,,,,,,,LevelMapData.Type,current_formal_map,true
5230289,廷根大学行政办公室,,剧情,剧情/任务实例,剧情任务,剧情任务（剧情/任务实例）- 廷根大学行政办公室,6,剧情/任务实例,LV_CollegeOffice_P,/Game/Arts/Maps/CollegeOffice/LV_CollegeOffice_P,82,0,,,,,,,LevelMapData.Type,current_formal_map,true
5230297,扑克魔术,,剧情,剧情/任务实例,剧情任务,剧情任务（剧情/任务实例）- 扑克魔术,6,剧情/任务实例,LV_GreyMist_Space_P,/Game/Arts/Maps/GreyMist_Space/LV_GreyMist_Space_P,0,0,,,,,,,LevelMapData.Type,current_formal_map,true
5230302,果实保卫战,,剧情,剧情/任务实例,剧情任务,剧情任务（剧情/任务实例）- 果实保卫战,6,剧情/任务实例,LV_Underground_ProtectFriut_P,/Game/Arts/Maps/CLevel_Maps/WH/ProtectFuit/LV_Underground_ProtectFriut_P,0,0,,,,,,,LevelMapData.Type,current_formal_map,true
5230307,黑荆棘安保公司,,剧情,剧情/任务实例,剧情任务,剧情任务（剧情/任务实例）- 黑荆棘安保公司,6,剧情/任务实例,LV_BlackThorns_Company_P,/Game/Arts/Maps/BlackThorns_Company/LV_BlackThorns_Company_P,7,0,,,,,,,LevelMapData.Type,current_formal_map,true
5230308,水仙花街2号,,剧情,剧情/任务实例,剧情任务,剧情任务（剧情/任务实例）- 水仙花街2号,6,剧情/任务实例,LV_ShuiXian_Villa_P,/Game/Arts/Maps/ShuiXian_Villa/LV_ShuiXian_Villa_P,41,0,,,,,,,LevelMapData.Type,current_formal_map,true
5230309,占卜俱乐部,,剧情,剧情/任务实例,剧情任务,剧情任务（剧情/任务实例）- 占卜俱乐部,6,剧情/任务实例,LV_Divination_club_P,/Game/Arts/Maps/Divination_club/LV_Divination_club_P,8,0,,,,,,,LevelMapData.Type,current_formal_map,true
5230310,赛琳娜家,,剧情,剧情/任务实例,剧情任务,剧情任务（剧情/任务实例）- 赛琳娜家,6,剧情/任务实例,LV_SelinaHome_P,/Game/Arts/Maps/SelinaHome/LV_SelinaHome_P,39,0,,,,,,,LevelMapData.Type,current_formal_map,true
5230311,海纳斯的梦境,,剧情,剧情/任务实例,剧情任务,剧情任务（剧情/任务实例）- 海纳斯的梦境,6,剧情/任务实例,LV_HainasDream_01_P,/Game/Arts/Maps/HainasDream_01/LV_HainasDream_01_P,0,0,,,,,,,LevelMapData.Type,current_formal_map,true
5230312,廷根,,剧情,剧情/任务实例,剧情任务,剧情任务（剧情/任务实例）- 廷根,6,剧情/任务实例,LV_Tiengen_P,/Game/Arts/Maps/Tiengen_New/LV_Tiengen_P,3,0,,,,,,,LevelMapData.Type,current_formal_map,true
5230319,中断仪式,,剧情,剧情/任务实例,剧情任务,剧情任务（剧情/任务实例）- 中断仪式,6,剧情/任务实例,LV_MirrorWorld_P,/Game/Arts/Maps/MirrorWorld/LV_MirrorWorld_P,0,0,,,,,,,LevelMapData.Type,current_formal_map,true
5230405,廷根,,剧情,剧情/任务实例,剧情任务,剧情任务（剧情/任务实例）- 廷根,6,剧情/任务实例,LV_Tiengen_P,/Game/Arts/Maps/Tiengen_New/LV_Tiengen_P,3,0,,,,,,,LevelMapData.Type,current_formal_map,true
5230406,廷根大学,,剧情,剧情/任务实例,剧情任务,剧情任务（剧情/任务实例）- 廷根大学,6,剧情/任务实例,LV_Tiengen_P,/Game/Arts/Maps/Tiengen_New/LV_Tiengen_P,3,0,,,,,,,LevelMapData.Type,current_formal_map,true
5230407,廷根大学,,剧情,剧情/任务实例,剧情任务,剧情任务（剧情/任务实例）- 廷根大学,6,剧情/任务实例,LV_Tiengen_P,/Game/Arts/Maps/Tiengen_New/LV_Tiengen_P,3,0,,,,,,,LevelMapData.Type,current_formal_map,true
5231012,迷雾梦境,,剧情,剧情/任务实例,剧情任务,剧情任务（剧情/任务实例）- 迷雾梦境,6,剧情/任务实例,LV_Tiengen_P,/Game/Arts/Maps/Tiengen_New/LV_Tiengen_P,3,0,,,,,,,LevelMapData.Type,current_formal_map,true
5231013,弗兰奇公寓,,剧情,剧情/任务实例,剧情任务,剧情任务（剧情/任务实例）- 弗兰奇公寓,6,剧情/任务实例,LV_Ferlanqi_FlatsNew_P,/Game/Arts/Maps/Ferlanqi_FlatsNew/LV_Ferlanqi_FlatsNew_P,0,0,,,,,,,LevelMapData.Type,current_formal_map,true
5231018,廷根,,剧情,剧情/任务实例,剧情任务,剧情任务（剧情/任务实例）- 廷根,6,剧情/任务实例,LV_Tiengen_P,/Game/Arts/Maps/Tiengen_New/LV_Tiengen_P,3,0,,,,,,,LevelMapData.Type,current_formal_map,true
5231019,源堡,,剧情,剧情/任务实例,剧情任务,剧情任务（剧情/任务实例）- 源堡,6,剧情/任务实例,LV_SefirahCastle_P,/Game/Arts/Maps/SefirahCastle/LV_SefirahCastle_P,17,0,,,,,,,LevelMapData.Type,current_formal_map,true
5231020,弗兰奇公寓,,剧情,剧情/任务实例,剧情任务,剧情任务（剧情/任务实例）- 弗兰奇公寓,6,剧情/任务实例,LV_Ferlanqi_FlatsNew_P,/Game/Arts/Maps/Ferlanqi_FlatsNew/LV_Ferlanqi_FlatsNew_P,0,0,,,,,,,LevelMapData.Type,current_formal_map,true
5231021,弗兰奇公寓,,剧情,剧情/任务实例,剧情任务,剧情任务（剧情/任务实例）- 弗兰奇公寓,6,剧情/任务实例,LV_Ferlanqi_FlatsNew_P,/Game/Arts/Maps/Ferlanqi_FlatsNew/LV_Ferlanqi_FlatsNew_P,0,0,,,,,,,LevelMapData.Type,current_formal_map,true
5231022,廷根,,剧情,剧情/任务实例,剧情任务,剧情任务（剧情/任务实例）- 廷根,6,剧情/任务实例,LV_Tiengen_P,/Game/Arts/Maps/Tiengen_New/LV_Tiengen_P,3,0,,,,,,,LevelMapData.Type,current_formal_map,true
5231023,韦尔奇家,,剧情,剧情/任务实例,剧情任务,剧情任务（剧情/任务实例）- 韦尔奇家,6,剧情/任务实例,LV_Rich_house_P,/Game/Arts/Maps/Rich_house/LV_Rich_house_P,39,0,,,,,,,LevelMapData.Type,current_formal_map,true
5231024,弗兰奇公寓,,剧情,剧情/任务实例,剧情任务,剧情任务（剧情/任务实例）- 弗兰奇公寓,6,剧情/任务实例,LV_Ferlanqi_FlatsNew_P,/Game/Arts/Maps/Ferlanqi_FlatsNew/LV_Ferlanqi_FlatsNew_P,0,0,,,,,,,LevelMapData.Type,current_formal_map,true
5231030,卢娜的世界,,剧情,剧情/任务实例,剧情任务,剧情任务（剧情/任务实例）- 卢娜的世界,6,剧情/任务实例,LV_MonvPlatform_P,/Game/Arts/Maps/CLevel_Maps/XTL/Anomaly/Tiengen/LV_MonvPlatform_P,0,0,,,,,,,LevelMapData.Type,current_formal_map,true
5231031,失序迷宫,,剧情,剧情/任务实例,剧情任务,剧情任务（剧情/任务实例）- 失序迷宫,6,剧情/任务实例,LV_Monv_Maze_P,/Game/Arts/Maps/CLevel_Maps/XTL/Anomaly/Monv_Maze/LV_Monv_Maze_P,0,0,,,,,,,LevelMapData.Type,current_formal_map,true
5231038,春夜沙龙,,剧情,剧情/任务实例,剧情任务,剧情任务（剧情/任务实例）- 春夜沙龙,6,剧情/任务实例,LV_SpringNightSalon_P,/Game/Arts/Maps/SpringNightSalon/LV_SpringNightSalon_P,0,0,,,,,,,LevelMapData.Type,current_formal_map,true
5231039,艺术馆,,剧情,剧情/任务实例,剧情任务,剧情任务（剧情/任务实例）- 艺术馆,6,剧情/任务实例,LV_SpringNightSalon_P,/Game/Arts/Maps/SpringNightSalon/LV_SpringNightSalon_P,0,0,,,,,,,LevelMapData.Type,current_formal_map,true
5231040,郊外一隅,,剧情,剧情/任务实例,剧情任务,剧情任务（剧情/任务实例）- 郊外一隅,6,剧情/任务实例,LV_CommanVillage_WP_P,/Game/Arts/Maps/CommanVillage/LV_CommanVillage_WP_P,38,0,,,,,,,LevelMapData.Type,current_formal_map,true
5231056,知识洪流,,剧情,剧情/任务实例,剧情任务,剧情任务（剧情/任务实例）- 知识洪流,6,剧情/任务实例,LV_MirrorWorld_P,/Game/Arts/Maps/MirrorWorld/LV_MirrorWorld_P,0,0,,,,,,,LevelMapData.Type,current_formal_map,true
5231060,恶龙酒吧,,剧情,剧情/任务实例,剧情任务,剧情任务（剧情/任务实例）- 恶龙酒吧,6,剧情/任务实例,LV_DragonBar_P,/Game/Arts/Maps/DragonBar/LV_DragonBar_P,0,0,,,,,,,LevelMapData.Type,current_formal_map,true
5231061,恶龙酒吧,,剧情,剧情/任务实例,剧情任务,剧情任务（剧情/任务实例）- 恶龙酒吧,6,剧情/任务实例,LV_DragonBar_P,/Game/Arts/Maps/DragonBar/LV_DragonBar_P,0,0,,,,,,,LevelMapData.Type,current_formal_map,true
5231062,恶龙酒吧,,剧情,剧情/任务实例,剧情任务,剧情任务（剧情/任务实例）- 恶龙酒吧,6,剧情/任务实例,LV_DragonBar_P,/Game/Arts/Maps/DragonBar/LV_DragonBar_P,0,0,,,,,,,LevelMapData.Type,current_formal_map,true
5231067,仪式魔法,,剧情,剧情/任务实例,剧情任务,剧情任务（剧情/任务实例）- 仪式魔法,6,剧情/任务实例,LV_MirrorWorld_P,/Game/Arts/Maps/MirrorWorld/LV_MirrorWorld_P,0,0,,,,,,,LevelMapData.Type,current_formal_map,true
5231072,廷根湖,,剧情,剧情/任务实例,剧情任务,剧情任务（剧情/任务实例）- 廷根湖,6,剧情/任务实例,LV_Tiengen_Lake03_P,/Game/Arts/Maps/Tiengen_Lake03/LV_Tiengen_Lake03_P,34,0,,,,,,,LevelMapData.Type,current_formal_map,false
5231074,骑士之梦,,剧情,剧情/任务实例,剧情任务,剧情任务（剧情/任务实例）- 骑士之梦,6,剧情/任务实例,LV_CommonMemory_P,/Game/Arts/Maps/CommonMemory/LV_CommonMemory_P,71,0,,,,,,,LevelMapData.Type,current_formal_map,true
5231076,双生余烬,,剧情,剧情/任务实例,剧情任务,剧情任务（剧情/任务实例）- 双生余烬,6,剧情/任务实例,LV_SecretSpaceBar_P,/Game/Arts/Maps/CLevel_Maps/XTL/SecretSpace/Bar/LV_SecretSpaceBar_P,0,0,,,,,,,LevelMapData.Type,current_formal_map,true
5231078,谜题空间,,剧情,剧情/任务实例,剧情任务,剧情任务（剧情/任务实例）- 谜题空间,6,剧情/任务实例,LV_Divination_club_P,/Game/Arts/Maps/Divination_club/LV_Divination_club_P,8,0,,,,,,,LevelMapData.Type,current_formal_map,true
5231079,机械小屋,,剧情,剧情/任务实例,剧情任务,剧情任务（剧情/任务实例）- 机械小屋,6,剧情/任务实例,LV_MachineRoom_P,/Game/Arts/Maps/MachineRoom/LV_MachineRoom_P,74,0,,,,,,,LevelMapData.Type,current_formal_map,true
5231080,廷根大剧院,,剧情,剧情/任务实例,剧情任务,剧情任务（剧情/任务实例）- 廷根大剧院,6,剧情/任务实例,LV_GoldenSycamoreTheatre_P,/Game/Arts/Maps/GoldenSycamoreTheatre/LV_GoldenSycamoreTheatre_P,40,0,,,,,,,LevelMapData.Type,current_formal_map,true
5231087,黑荆棘安保公司,,剧情,剧情/任务实例,剧情任务,剧情任务（剧情/任务实例）- 黑荆棘安保公司,6,剧情/任务实例,LV_BlackThorns_Company_P,/Game/Arts/Maps/BlackThorns_Company/LV_BlackThorns_Company_P,26,0,,,,,,,LevelMapData.Type,current_formal_map,true
5231089,廷根湖,,剧情,剧情/任务实例,剧情任务,剧情任务（剧情/任务实例）- 廷根湖,6,剧情/任务实例,LV_Tiengen_Lake03_P,/Game/Arts/Maps/Tiengen_Lake03/LV_Tiengen_Lake03_P,34,0,,,,,,,LevelMapData.Type,current_formal_map,true
5231090,咖啡厅,,剧情,剧情/任务实例,剧情任务,剧情任务（剧情/任务实例）- 咖啡厅,6,剧情/任务实例,LV_PrologueCafe_P,/Game/Arts/Maps/PrologueCafe/LV_PrologueCafe_P,75,0,,,,,,,LevelMapData.Type,current_formal_map,false
5231091,廷根,,剧情,剧情/任务实例,剧情任务,剧情任务（剧情/任务实例）- 廷根,6,剧情/任务实例,LV_Tiengen_P,/Game/Arts/Maps/Tiengen_New/LV_Tiengen_P,3,0,,,,,,,LevelMapData.Type,current_formal_map,true
5231092,黑荆棘安保公司,,剧情,剧情/任务实例,剧情任务,剧情任务（剧情/任务实例）- 黑荆棘安保公司,6,剧情/任务实例,LV_BlackThorns_Company_P,/Game/Arts/Maps/BlackThorns_Company/LV_BlackThorns_Company_P,7,0,,,,,,,LevelMapData.Type,current_formal_map,true
5231093,命运咖啡厅,,剧情,剧情/任务实例,剧情任务,剧情任务（剧情/任务实例）- 命运咖啡厅,6,剧情/任务实例,LV_PrologueCafe_P,/Game/Arts/Maps/PrologueCafe/LV_PrologueCafe_P,75,0,,,,,,,LevelMapData.Type,current_formal_map,true
5231094,廷根,,剧情,剧情/任务实例,剧情任务,剧情任务（剧情/任务实例）- 廷根,6,剧情/任务实例,LV_Tiengen_P,/Game/Arts/Maps/Tiengen_New/LV_Tiengen_P,0,0,,,,,,,LevelMapData.Type,current_formal_map,true
5231095,黑荆棘安保公司,,剧情,剧情/任务实例,剧情任务,剧情任务（剧情/任务实例）- 黑荆棘安保公司,6,剧情/任务实例,LV_BlackThorns_Company_P,/Game/Arts/Maps/BlackThorns_Company/LV_BlackThorns_Company_P,7,0,,,,,,,LevelMapData.Type,current_formal_map,true
5231097,罪恶廷根,,探索,探索玩法,罪恶廷根,罪恶廷根（探索玩法）- 罪恶廷根,6,剧情/任务实例,LV_Tiengen_P,/Game/Arts/Maps/Tiengen_New/LV_Tiengen_P,3,0,,,,,,,GTAMapIDData.LevelID,current_formal_map,true
5231098,恶龙酒吧,,探索,探索玩法,罪恶贝克兰德,罪恶贝克兰德（探索玩法）- 恶龙酒吧,6,剧情/任务实例,LV_DragonBar_P,/Game/Arts/Maps/DragonBar/LV_DragonBar_P,0,0,,,,,,,GTAMapIDData.LevelID,current_formal_map,true
5231099,廷根,,剧情,剧情/任务实例,剧情任务,剧情任务（剧情/任务实例）- 廷根,6,剧情/任务实例,LV_Tiengen_P,/Game/Arts/Maps/Tiengen_New/LV_Tiengen_P,0,0,,,,,,,LevelMapData.Type,current_formal_map,true
5231100,廷根,,剧情,剧情/任务实例,剧情任务,剧情任务（剧情/任务实例）- 廷根,6,剧情/任务实例,LV_Tiengen_P,/Game/Arts/Maps/Tiengen_New/LV_Tiengen_P,0,0,,,,,,,LevelMapData.Type,current_formal_map,true
5231102,廷根,,剧情,剧情/任务实例,剧情任务,剧情任务（剧情/任务实例）- 廷根,6,剧情/任务实例,LV_Tiengen_P,/Game/Arts/Maps/Tiengen_New/LV_Tiengen_P,3,0,,,,,,,LevelMapData.Type,current_formal_map,true
5231104,廷根,,剧情,剧情/任务实例,剧情任务,剧情任务（剧情/任务实例）- 廷根,6,剧情/任务实例,LV_Tiengen_P,/Game/Arts/Maps/Tiengen_New/LV_Tiengen_P,3,0,,,,,,,LevelMapData.Type,current_formal_map,true
5231105,黑荆棘安保公司,,剧情,剧情/任务实例,剧情任务,剧情任务（剧情/任务实例）- 黑荆棘安保公司,6,剧情/任务实例,LV_BlackThorns_Company_P,/Game/Arts/Maps/BlackThorns_Company/LV_BlackThorns_Company_P,7,0,,,,,,,LevelMapData.Type,current_formal_map,true
5231106,廷根,,剧情,剧情/任务实例,剧情任务,剧情任务（剧情/任务实例）- 廷根,6,剧情/任务实例,LV_Tiengen_P,/Game/Arts/Maps/Tiengen_New/LV_Tiengen_P,3,0,,,,,,,LevelMapData.Type,current_formal_map,true
5231107,廷根湖,,剧情,剧情/任务实例,剧情任务,剧情任务（剧情/任务实例）- 廷根湖,6,剧情/任务实例,LV_Tiengen_Lake03_P,/Game/Arts/Maps/Tiengen_Lake03/LV_Tiengen_Lake03_P,34,0,,,,,,,LevelMapData.Type,current_formal_map,true
5231108,廷根,,剧情,剧情/任务实例,剧情任务,剧情任务（剧情/任务实例）- 廷根,6,剧情/任务实例,LV_Wonder_Tiengen_P,/Game/Arts/Maps/Wonder_Tiengen/LV_Wonder_Tiengen_P,84,0,,,,,,,LevelMapData.Type,current_formal_map,true
5231109,安全屋,,剧情,剧情/任务实例,剧情任务,剧情任务（剧情/任务实例）- 安全屋,6,剧情/任务实例,LV_SafeHouse_P,/Game/Arts/Maps/SafeHouse/LV_SafeHouse_P,85,0,,,,,,,LevelMapData.Type,current_formal_map,true
5231110,廷根,,剧情,剧情/任务实例,剧情任务,剧情任务（剧情/任务实例）- 廷根,6,剧情/任务实例,LV_Tiengen_P,/Game/Arts/Maps/Tiengen_New/LV_Tiengen_P,3,0,,,,,,,LevelMapData.Type,current_formal_map,true
5231111,廷根,,剧情,剧情/任务实例,剧情任务,剧情任务（剧情/任务实例）- 廷根,6,剧情/任务实例,LV_Tiengen_P,/Game/Arts/Maps/Tiengen_New/LV_Tiengen_P,3,0,,,,,,,LevelMapData.Type,current_formal_map,true
5231112,廷根,,剧情,剧情/任务实例,剧情任务,剧情任务（剧情/任务实例）- 廷根,6,剧情/任务实例,LV_Tiengen_P,/Game/Arts/Maps/Tiengen_New/LV_Tiengen_P,3,0,,,,,,,LevelMapData.Type,current_formal_map,true
5231113,工厂小屋,,剧情,剧情/任务实例,剧情任务,剧情任务（剧情/任务实例）- 工厂小屋,6,剧情/任务实例,LV_MachineRoom_P,/Game/Arts/Maps/MachineRoom/LV_MachineRoom_P,74,0,,,,,,,LevelMapData.Type,current_formal_map,true
5231114,源堡,,剧情,剧情/任务实例,剧情任务,剧情任务（剧情/任务实例）- 源堡,6,剧情/任务实例,LV_SefirahCastle_P,/Game/Arts/Maps/SefirahCastle/LV_SefirahCastle_P,17,0,,,,,,,LevelMapData.Type,current_formal_map,true
5231116,未知空间,,剧情,剧情/任务实例,剧情任务,剧情任务（剧情/任务实例）- 未知空间,6,剧情/任务实例,LV_Tiengen_Lake03_BloodMoon_DID_P,/Game/Arts/Maps/Tiengen_Lake03_BloodMoon_DID/LV_Tiengen_Lake03_BloodMoon_DID_P,0,0,,,,,,,LevelMapData.Type,current_formal_map,true
5231117,廷根,,剧情,剧情/任务实例,剧情任务,剧情任务（剧情/任务实例）- 廷根,6,剧情/任务实例,LV_Tiengen_P,/Game/Arts/Maps/Tiengen_New/LV_Tiengen_P,3,0,,,,,,,LevelMapData.Type,current_formal_map,true
5231118,廷根,,剧情,剧情/任务实例,剧情任务,剧情任务（剧情/任务实例）- 廷根,6,剧情/任务实例,LV_Tiengen_P,/Game/Arts/Maps/Tiengen_New/LV_Tiengen_P,3,0,,,,,,,LevelMapData.Type,current_formal_map,true
5231119,廷根,,剧情,剧情/任务实例,剧情任务,剧情任务（剧情/任务实例）- 廷根,6,剧情/任务实例,LV_Tiengen_P,/Game/Arts/Maps/Tiengen_New/LV_Tiengen_P,3,0,,,,,,,LevelMapData.Type,current_formal_map,true
5231120,廷根,,剧情,剧情/任务实例,剧情任务,剧情任务（剧情/任务实例）- 廷根,6,剧情/任务实例,LV_Tiengen_P,/Game/Arts/Maps/Tiengen_New/LV_Tiengen_P,3,0,,,,,,,LevelMapData.Type,current_formal_map,true
5231121,恶龙酒吧,,剧情,剧情/任务实例,剧情任务,剧情任务（剧情/任务实例）- 恶龙酒吧,6,剧情/任务实例,LV_DragonBar_P,/Game/Arts/Maps/DragonBar/LV_DragonBar_P,0,0,,,,,,,LevelMapData.Type,current_formal_map,true
5231123,廷根,,剧情,剧情/任务实例,剧情任务,剧情任务（剧情/任务实例）- 廷根,6,剧情/任务实例,LV_Tiengen_P,/Game/Arts/Maps/Tiengen_New/LV_Tiengen_P,3,0,,,,,,,LevelMapData.Type,current_formal_map,true
5231124,廷根郊外,,剧情,剧情/任务实例,剧情任务,剧情任务（剧情/任务实例）- 廷根郊外,6,剧情/任务实例,LV_WYZY_WP_P,/Game/Arts/Maps/WYZY/LV_WYZY_WP_P,70,0,,,,,,,LevelMapData.Type,current_formal_map,true
5231125,廷根,,剧情,剧情/任务实例,剧情任务,剧情任务（剧情/任务实例）- 廷根,6,剧情/任务实例,LV_Tiengen_P,/Game/Arts/Maps/Tiengen_New/LV_Tiengen_P,3,0,,,,,,,LevelMapData.Type,current_formal_map,true
5231126,恶龙酒吧,,剧情,剧情/任务实例,剧情任务,剧情任务（剧情/任务实例）- 恶龙酒吧,6,剧情/任务实例,LV_DragonBar_P,/Game/Arts/Maps/DragonBar/LV_DragonBar_P,0,0,,,,,,,LevelMapData.Type,current_formal_map,true
5231127,廷根,,剧情,剧情/任务实例,剧情任务,剧情任务（剧情/任务实例）- 廷根,6,剧情/任务实例,LV_Tiengen_P,/Game/Arts/Maps/Tiengen_New/LV_Tiengen_P,3,0,,,,,,,LevelMapData.Type,current_formal_map,true
5231128,黑荆棘安保公司,,剧情,剧情/任务实例,剧情任务,剧情任务（剧情/任务实例）- 黑荆棘安保公司,6,剧情/任务实例,LV_BlackThorns_Company_P,/Game/Arts/Maps/BlackThorns_Company/LV_BlackThorns_Company_P,26,0,,,,,,,LevelMapData.Type,current_formal_map,true
5231129,茶会会场,,剧情,剧情/任务实例,剧情任务,剧情任务（剧情/任务实例）- 茶会会场,6,剧情/任务实例,LV_SpringNightSalon_P,/Game/Arts/Maps/SpringNightSalon/LV_SpringNightSalon_P,0,0,,,,,,,LevelMapData.Type,current_formal_map,true
5231130,会场里间,,剧情,剧情/任务实例,剧情任务,剧情任务（剧情/任务实例）- 会场里间,6,剧情/任务实例,LV_Rich_house_P,/Game/Arts/Maps/Rich_house/LV_Rich_house_P,39,0,,,,,,,LevelMapData.Type,current_formal_map,true
5231131,古堡墓地,,剧情,剧情/任务实例,剧情任务,剧情任务（剧情/任务实例）- 古堡墓地,6,剧情/任务实例,LV_Castle_Cemetery_WP_P,/Game/Arts/Maps/Castle_Cemetery/LV_Castle_Cemetery_WP_P,51,0,,,,,,,LevelMapData.Type,current_formal_map,true
5231132,猎龙之城,,剧情,剧情/任务实例,剧情任务,剧情任务（剧情/任务实例）- 猎龙之城,6,剧情/任务实例,LV_GVGArena_WP_P,/Game/Arts/Maps/GVGArena/LV_GVGArena_WP_P,46,0,,,,,,,LevelMapData.Type,current_formal_map,true
5231133,廷根,,剧情,剧情/任务实例,剧情任务,剧情任务（剧情/任务实例）- 廷根,6,剧情/任务实例,LV_Tiengen_P,/Game/Arts/Maps/Tiengen_New/LV_Tiengen_P,3,0,,,,,,,LevelMapData.Type,current_formal_map,true
5231134,黑荆棘安保公司,,剧情,剧情/任务实例,剧情任务,剧情任务（剧情/任务实例）- 黑荆棘安保公司,6,剧情/任务实例,LV_BlackThorns_Company_P,/Game/Arts/Maps/BlackThorns_Company/LV_BlackThorns_Company_P,7,0,,,,,,,LevelMapData.Type,current_formal_map,true
5231135,林间小屋,,剧情,剧情/任务实例,剧情任务,剧情任务（剧情/任务实例）- 林间小屋,6,剧情/任务实例,LV_Telisi_P,/Game/Arts/Maps/Telisi/LV_Telisi_P,0,0,,,,,,,LevelMapData.Type,current_formal_map,true
5231138,金秋湖,,剧情,剧情/任务实例,剧情任务,剧情任务（剧情/任务实例）- 金秋湖,6,剧情/任务实例,Suburb_AutumnIsland_01_WP_P,/Game/Arts/Maps/Suburb_AutumnIsland/Suburb_AutumnIsland_01_WP_P,32,0,,,,,,,LevelMapData.Type,current_formal_map,true
5231141,廷根,,剧情,剧情/任务实例,剧情任务,剧情任务（剧情/任务实例）- 廷根,6,剧情/任务实例,LV_Tiengen_P,/Game/Arts/Maps/Tiengen_New/LV_Tiengen_P,3,0,,,,,,,LevelMapData.Type,current_formal_map,true
5231142,罪恶廷根,,剧情,剧情/任务实例,剧情任务,剧情任务（剧情/任务实例）- 罪恶廷根,6,剧情/任务实例,LV_Tiengen_P,/Game/Arts/Maps/Tiengen_New/LV_Tiengen_P,0,0,,,,,,,LevelMapData.Type,current_formal_map,true
5231144,命运咖啡厅,,剧情,剧情/任务实例,剧情任务,剧情任务（剧情/任务实例）- 命运咖啡厅,6,剧情/任务实例,LV_PrologueCafe_P,/Game/Arts/Maps/PrologueCafe/LV_PrologueCafe_P,75,0,,,,,,,LevelMapData.Type,current_formal_map,true
5231145,廷根,,剧情,剧情/任务实例,剧情任务,剧情任务（剧情/任务实例）- 廷根,6,剧情/任务实例,LV_Tiengen_P,/Game/Arts/Maps/Tiengen_New/LV_Tiengen_P,3,0,,,,,,,LevelMapData.Type,current_formal_map,true
5231147,尼尔家,,剧情,剧情/任务实例,剧情任务,剧情任务（剧情/任务实例）- 尼尔家,6,剧情/任务实例,LV_YoungNiel_P,/Game/Arts/Maps/YoungNeil/LV_YoungNiel_P,90,0,,,,,,,LevelMapData.Type,current_formal_map,true
5231148,黑荆棘安保公司,,剧情,剧情/任务实例,剧情任务,剧情任务（剧情/任务实例）- 黑荆棘安保公司,6,剧情/任务实例,LV_BlackThorns_Company_P,/Game/Arts/Maps/BlackThorns_Company/LV_BlackThorns_Company_P,7,0,,,,,,,LevelMapData.Type,current_formal_map,true
5231149,廷根,,剧情,剧情/任务实例,剧情任务,剧情任务（剧情/任务实例）- 廷根,6,剧情/任务实例,LV_Tiengen_P,/Game/Arts/Maps/Tiengen_New/LV_Tiengen_P,3,0,,,,,,,LevelMapData.Type,current_formal_map,true
5231150,莎莉丝特家,,剧情,剧情/任务实例,剧情任务,剧情任务（剧情/任务实例）- 莎莉丝特家,6,剧情/任务实例,LV_Middle_House_P,/Game/Arts/Maps/Middle_House/LV_Middle_House_P,87,0,,,,,,,LevelMapData.Type,current_formal_map,true
5231151,黑荆棘安保公司,,剧情,剧情/任务实例,剧情任务,剧情任务（剧情/任务实例）- 黑荆棘安保公司,6,剧情/任务实例,LV_BlackThorns_Company_P,/Game/Arts/Maps/BlackThorns_Company/LV_BlackThorns_Company_P,7,0,,,,,,,LevelMapData.Type,current_formal_map,true
5231152,春日一角,,剧情,剧情/任务实例,剧情任务,剧情任务（剧情/任务实例）- 春日一角,6,剧情/任务实例,LV_Idyllic_Grassland_WP_P,/Game/Arts/Maps/Idyllic_Grassland/LV_Idyllic_Grassland_WP_P,0,0,,,,,,,LevelMapData.Type,current_formal_map,true
5231153,诊所,,剧情,剧情/任务实例,剧情任务,剧情任务（剧情/任务实例）- 诊所,6,剧情/任务实例,LV_Clinic_P,/Game/Arts/Maps/Clinic/LV_Clinic_P,95,0,,,,,,,LevelMapData.Type,current_formal_map,true
5231154,镜中廷根,,剧情,剧情/任务实例,剧情任务,剧情任务（剧情/任务实例）- 镜中廷根,6,剧情/任务实例,LV_Wonder_Tiengen_P,/Game/Arts/Maps/Wonder_Tiengen/LV_Wonder_Tiengen_P,84,0,,,,,,,LevelMapData.Type,current_formal_map,true
5231155,廷根,,剧情,剧情/任务实例,剧情任务,剧情任务（剧情/任务实例）- 廷根,6,剧情/任务实例,LV_Tiengen_P,/Game/Arts/Maps/Tiengen_New/LV_Tiengen_P,0,0,,,,,,,LevelMapData.Type,current_formal_map,true
5231156,黑荆棘安保公司,,剧情,剧情/任务实例,剧情任务,剧情任务（剧情/任务实例）- 黑荆棘安保公司,6,剧情/任务实例,LV_BlackThorns_Company_P,/Game/Arts/Maps/BlackThorns_Company/LV_BlackThorns_Company_P,7,0,,,,,,,LevelMapData.Type,current_formal_map,true
5231157,咖啡厅,,剧情,剧情/任务实例,剧情任务,剧情任务（剧情/任务实例）- 咖啡厅,6,剧情/任务实例,LV_PrologueCafe_P,/Game/Arts/Maps/PrologueCafe/LV_PrologueCafe_P,75,0,,,,,,,LevelMapData.Type,current_formal_map,true
5231158,廷根,,剧情,剧情/任务实例,剧情任务,剧情任务（剧情/任务实例）- 廷根,6,剧情/任务实例,LV_Tiengen_P,/Game/Arts/Maps/Tiengen_New/LV_Tiengen_P,3,0,,,,,,,LevelMapData.Type,current_formal_map,true
5231160,冥界之门,,剧情,剧情/任务实例,剧情任务,剧情任务（剧情/任务实例）- 冥界之门,6,剧情/任务实例,LV_Gate_of_the_Underworld_WP_P,/Game/Arts/Maps/Gate_of_the_Underworld/LV_Gate_of_the_Underworld_WP_P,36,0,,,,,,,LevelMapData.Type,current_formal_map,true
5231162,开膛手剧院,,剧情,剧情/任务实例,剧情任务,剧情任务（剧情/任务实例）- 开膛手剧院,6,剧情/任务实例,LV_GoldenSycamoreTheatreC_P,/Game/Arts/Maps/CLevel_Maps/WZL/LV_GoldenSycamoreTheatreC_P,40,0,,,,,,,LevelMapData.Type,current_formal_map,true
5231163,命运咖啡厅,,剧情,剧情/任务实例,剧情任务,剧情任务（剧情/任务实例）- 命运咖啡厅,6,剧情/任务实例,LV_PrologueCafe_P,/Game/Arts/Maps/PrologueCafe/LV_PrologueCafe_P,75,0,,,,,,,LevelMapData.Type,current_formal_map,true
5231164,源堡,,剧情,剧情/任务实例,剧情任务,剧情任务（剧情/任务实例）- 源堡,6,剧情/任务实例,LV_GreyMist_Space_P,/Game/Arts/Maps/GreyMist_Space/LV_GreyMist_Space_P,0,0,,,,,,,LevelMapData.Type,current_formal_map,true
5231165,小巷一角,,剧情,剧情/任务实例,剧情任务,剧情任务（剧情/任务实例）- 小巷一角,6,剧情/任务实例,LV_Tiengen_P,/Game/Arts/Maps/Tiengen_New/LV_Tiengen_P,3,0,,,,,,,LevelMapData.Type,current_formal_map,true
5231167,老街小屋,,剧情,剧情/任务实例,剧情任务,剧情任务（剧情/任务实例）- 老街小屋,6,剧情/任务实例,LV_Rylbir_Houes_P,/Game/Arts/Maps/Rylbir_Houes/LV_Rylbir_Houes_P,3,0,,,,,,,LevelMapData.Type,current_formal_map,true
5231168,廷根,,剧情,剧情/任务实例,剧情任务,剧情任务（剧情/任务实例）- 廷根,6,剧情/任务实例,LV_Tiengen_P,/Game/Arts/Maps/Tiengen_New/LV_Tiengen_P,0,0,,,,,,,LevelMapData.Type,current_formal_map,true
5231173,诊所,,剧情,剧情/任务实例,剧情任务,剧情任务（剧情/任务实例）- 诊所,6,剧情/任务实例,LV_Clinic_P,/Game/Arts/Maps/Clinic/LV_Clinic_P,95,0,,,,,,,LevelMapData.Type,current_formal_map,true
5231174,恶灵之屋,,剧情,剧情/任务实例,剧情任务,剧情任务（剧情/任务实例）- 恶灵之屋,6,剧情/任务实例,LV_WXY_Rylbir_Houes_P,/Game/Arts/Maps/CLevel_Maps/WXY/secretspace/OldCastleOne/LV_WXY_Rylbir_Houes_P,16,0,,,,,,,LevelMapData.Type,current_formal_map,true
5231176,镜中廷根,,剧情,剧情/任务实例,剧情任务,剧情任务（剧情/任务实例）- 镜中廷根,6,剧情/任务实例,LV_Wonder_Tiengen_P,/Game/Arts/Maps/Wonder_Tiengen/LV_Wonder_Tiengen_P,84,0,,,,,,,LevelMapData.Type,current_formal_map,true
5231177,镜中廷根,,剧情,剧情/任务实例,剧情任务,剧情任务（剧情/任务实例）- 镜中廷根,6,剧情/任务实例,LV_Wonder_Tiengen_P,/Game/Arts/Maps/Wonder_Tiengen/LV_Wonder_Tiengen_P,84,0,,,,,,,LevelMapData.Type,current_formal_map,true
5231178,公寓,,剧情,剧情/任务实例,剧情任务,剧情任务（剧情/任务实例）- 公寓,6,剧情/任务实例,LV_Ferlanqi_FlatsNew_P,/Game/Arts/Maps/Ferlanqi_FlatsNew/LV_Ferlanqi_FlatsNew_P,6,5200002,,,,,,,LevelMapData.Type,current_formal_map,true
5231179,黑伍德庄园,,剧情,剧情/任务实例,剧情任务,剧情任务（剧情/任务实例）- 黑伍德庄园,6,剧情/任务实例,LV_CommanVillage_WP_P,/Game/Arts/Maps/CommanVillage/LV_CommanVillage_WP_P,38,0,,,,,,,LevelMapData.Type,current_formal_map,true
5231180,舞会大厅,,剧情,剧情/任务实例,剧情任务,剧情任务（剧情/任务实例）- 舞会大厅,6,剧情/任务实例,LV_BanquetHall_P,/Game/Arts/Maps/BanquetHall/LV_BanquetHall_P,0,0,,,,,,,LevelMapData.Type,current_formal_map,true
5231182,廷根,,剧情,剧情/任务实例,剧情任务,剧情任务（剧情/任务实例）- 廷根,6,剧情/任务实例,LV_Tiengen_P,/Game/Arts/Maps/Tiengen_New/LV_Tiengen_P,3,0,,,,,,,LevelMapData.Type,current_formal_map,true
5231183,小丑诡计,,剧情,剧情/任务实例,剧情任务,剧情任务（剧情/任务实例）- 小丑诡计,6,剧情/任务实例,LV_CommonMemory_P,/Game/Arts/Maps/CommonMemory/LV_CommonMemory_P,0,0,,,,,,,LevelMapData.Type,current_formal_map,true
5231184,湖畔一角,,剧情,剧情/任务实例,剧情任务,剧情任务（剧情/任务实例）- 湖畔一角,6,剧情/任务实例,Suburb_AutumnIsland_01_WP_P,/Game/Arts/Maps/Suburb_AutumnIsland/Suburb_AutumnIsland_01_WP_P,32,0,,,,,,,LevelMapData.Type,current_formal_map,true
5231185,廷根,,剧情,剧情/任务实例,剧情任务,剧情任务（剧情/任务实例）- 廷根,6,剧情/任务实例,LV_Tiengen_P,/Game/Arts/Maps/Tiengen_New/LV_Tiengen_P,3,0,,,,,,,LevelMapData.Type,current_formal_map,true
5231186,塞西的祖宅,,剧情,剧情/任务实例,剧情任务,剧情任务（剧情/任务实例）- 塞西的祖宅,6,剧情/任务实例,LV_Rylbir_Houes_P,/Game/Arts/Maps/Rylbir_Houes/LV_Rylbir_Houes_P,16,0,,,,,,,LevelMapData.Type,current_formal_map,true
5231187,廷根,,剧情,剧情/任务实例,剧情任务,剧情任务（剧情/任务实例）- 廷根,6,剧情/任务实例,LV_Tiengen_P,/Game/Arts/Maps/Tiengen_New/LV_Tiengen_P,3,0,,,,,,,LevelMapData.Type,current_formal_map,true
5231188,金秋湖,,剧情,剧情/任务实例,剧情任务,剧情任务（剧情/任务实例）- 金秋湖,6,剧情/任务实例,Suburb_AutumnIsland_01_WP_P,/Game/Arts/Maps/Suburb_AutumnIsland/Suburb_AutumnIsland_01_WP_P,32,0,,,,,,,LevelMapData.Type,current_formal_map,true
5231190,梦境空间,,剧情,剧情/任务实例,剧情任务,剧情任务（剧情/任务实例）- 梦境空间,6,剧情/任务实例,LV_TrueCreatorBattle_P,/Game/Arts/Maps/TrueCreatorBattle/LV_TrueCreatorBattle_P,0,0,,,,,,,LevelMapData.Type,current_formal_map,true
5231191,占卜俱乐部,,剧情,剧情/任务实例,剧情任务,剧情任务（剧情/任务实例）- 占卜俱乐部,6,剧情/任务实例,LV_Divination_club_P,/Game/Arts/Maps/Divination_club/LV_Divination_club_P,8,0,,,,,,,LevelMapData.Type,current_formal_map,true
5231192,廷根,,剧情,剧情/任务实例,剧情任务,剧情任务（剧情/任务实例）- 廷根,6,剧情/任务实例,LV_Tiengen_P,/Game/Arts/Maps/Tiengen_New/LV_Tiengen_P,0,0,,,,,,,LevelMapData.Type,current_formal_map,true
5231193,雪山,,剧情,剧情/任务实例,剧情任务,剧情任务（剧情/任务实例）- 雪山,6,剧情/任务实例,Suburb_SnowMountain_WP_P,/Game/Arts/Maps/Suburb_SnowMountain/Suburb_SnowMountain_WP_P,36,0,,,,,,,LevelMapData.Type,current_formal_map,true
5231194,金秋湖,,剧情,剧情/任务实例,剧情任务,剧情任务（剧情/任务实例）- 金秋湖,6,剧情/任务实例,Suburb_AutumnIsland_01_WP_P,/Game/Arts/Maps/Suburb_AutumnIsland/Suburb_AutumnIsland_01_WP_P,32,0,,,,,,,LevelMapData.Type,current_formal_map,true
5231196,冬日记忆,,剧情,剧情/任务实例,剧情任务,剧情任务（剧情/任务实例）- 冬日记忆,6,剧情/任务实例,LV_CommonMemory_P,/Game/Arts/Maps/CommonMemory/LV_CommonMemory_P,71,0,,,,,,,LevelMapData.Type,current_formal_map,true
5231197,玫瑰天堂,,剧情,剧情/任务实例,剧情任务,剧情任务（剧情/任务实例）- 玫瑰天堂,6,剧情/任务实例,LV_Tiengen_P,/Game/Arts/Maps/Tiengen_New/LV_Tiengen_P,0,0,,,,,,,LevelMapData.Type,current_formal_map,true
5231198,镜中廷根,,剧情,剧情/任务实例,剧情任务,剧情任务（剧情/任务实例）- 镜中廷根,6,剧情/任务实例,LV_Wonder_Tiengen_P,/Game/Arts/Maps/Wonder_Tiengen/LV_Wonder_Tiengen_P,84,0,,,,,,,LevelMapData.Type,current_formal_map,true
5231199,镜中廷根,,剧情,剧情/任务实例,剧情任务,剧情任务（剧情/任务实例）- 镜中廷根,6,剧情/任务实例,LV_Wonder_Tiengen_P,/Game/Arts/Maps/Wonder_Tiengen/LV_Wonder_Tiengen_P,84,0,,,,,,,LevelMapData.Type,current_formal_map,true
5231200,镜中廷根,,剧情,剧情/任务实例,剧情任务,剧情任务（剧情/任务实例）- 镜中廷根,6,剧情/任务实例,LV_Wonder_Tiengen_P,/Game/Arts/Maps/Wonder_Tiengen/LV_Wonder_Tiengen_P,84,0,,,,,,,LevelMapData.Type,current_formal_map,true
5231201,睡莲小镇,,剧情,剧情/任务实例,剧情任务,剧情任务（剧情/任务实例）- 睡莲小镇,6,剧情/任务实例,LV_CommanVillage_WP_P,/Game/Arts/Maps/CommanVillage/LV_CommanVillage_WP_P,38,0,,,,,,,LevelMapData.Type,current_formal_map,true
5231202,霍纳奇斯花海,,剧情,剧情/任务实例,剧情任务,剧情任务（剧情/任务实例）- 霍纳奇斯花海,6,剧情/任务实例,LV_Idyllic_Grassland_WP_P,/Game/Arts/Maps/Idyllic_Grassland/LV_Idyllic_Grassland_WP_P,67,0,,,,,,,LevelMapData.Type,current_formal_map,true
5231203,霍纳奇斯花海,,剧情,剧情/任务实例,剧情任务,剧情任务（剧情/任务实例）- 霍纳奇斯花海,6,剧情/任务实例,LV_Idyllic_Grassland_WP_P,/Game/Arts/Maps/Idyllic_Grassland/LV_Idyllic_Grassland_WP_P,67,0,,,,,,,LevelMapData.Type,current_formal_map,true
5231204,咖啡馆,,剧情,剧情/任务实例,剧情任务,剧情任务（剧情/任务实例）- 咖啡馆,6,剧情/任务实例,LV_PrologueCoffeeShop_P,/Game/Arts/Maps/CLevel_Maps/LY/Audrey/LV_PrologueCoffeeShop_P,3,0,,,,,,,LevelMapData.Type,current_formal_map,true
5231205,艾拉的住所,,剧情,剧情/任务实例,剧情任务,剧情任务（剧情/任务实例）- 艾拉的住所,6,剧情/任务实例,LV_Rylbir_Houes_P,/Game/Arts/Maps/Rylbir_Houes/LV_Rylbir_Houes_P,16,0,,,,,,,LevelMapData.Type,current_formal_map,true
5231206,金狼教堂,,剧情,剧情/任务实例,剧情任务,剧情任务（剧情/任务实例）- 金狼教堂,6,剧情/任务实例,LV_GTA_EvernightChurch_P,/Game/Arts/Maps/Tiengen_New/SeamlessLevelInstance/GTA_EvernightChurch/LV_GTA_EvernightChurch_P,0,0,,,,,,,LevelMapData.Type,current_formal_map,true
5231208,霍纳奇斯花海,,剧情,剧情/任务实例,剧情任务,剧情任务（剧情/任务实例）- 霍纳奇斯花海,6,剧情/任务实例,LV_Idyllic_Grassland_WP_P,/Game/Arts/Maps/Idyllic_Grassland/LV_Idyllic_Grassland_WP_P,67,0,,,,,,,LevelMapData.Type,current_formal_map,true
5231209,睡莲小镇,,剧情,剧情/任务实例,剧情任务,剧情任务（剧情/任务实例）- 睡莲小镇,6,剧情/任务实例,LV_CommanVillage_WP_P,/Game/Arts/Maps/CommanVillage/LV_CommanVillage_WP_P,38,0,,,,,,,LevelMapData.Type,current_formal_map,true
5231210,霍纳奇斯山脉,,剧情,剧情/任务实例,剧情任务,剧情任务（剧情/任务实例）- 霍纳奇斯山脉,6,剧情/任务实例,Suburb_SnowMountain_WP_P,/Game/Arts/Maps/Suburb_SnowMountain/Suburb_SnowMountain_WP_P,36,0,,,,,,,LevelMapData.Type,current_formal_map,true
5231211,拉姆德古堡,,剧情,剧情/任务实例,剧情任务,剧情任务（剧情/任务实例）- 拉姆德古堡,6,剧情/任务实例,Suburb_Castle_WP_P,/Game/Arts/Maps/Suburb_Castle/Suburb_Castle_WP_P,51,0,,,,,,,LevelMapData.Type,current_formal_map,true
5231212,黑荆棘安保公司,,剧情,剧情/任务实例,剧情任务,剧情任务（剧情/任务实例）- 黑荆棘安保公司,6,剧情/任务实例,LV_BlackThorns_Company_P,/Game/Arts/Maps/BlackThorns_Company/LV_BlackThorns_Company_P,26,0,,,,,,,LevelMapData.Type,current_formal_map,true
5231213,霍纳奇斯花海,,剧情,剧情/任务实例,剧情任务,剧情任务（剧情/任务实例）- 霍纳奇斯花海,6,剧情/任务实例,LV_Idyllic_Grassland_WP_P,/Game/Arts/Maps/Idyllic_Grassland/LV_Idyllic_Grassland_WP_P,67,0,,,,,,,LevelMapData.Type,current_formal_map,true
5231214,金秋湖,,剧情,剧情/任务实例,剧情任务,剧情任务（剧情/任务实例）- 金秋湖,6,剧情/任务实例,Suburb_AutumnIsland_01_WP_P,/Game/Arts/Maps/Suburb_AutumnIsland/Suburb_AutumnIsland_01_WP_P,32,0,,,,,,,LevelMapData.Type,current_formal_map,true
5231215,霍纳奇斯山脉,,剧情,剧情/任务实例,剧情任务,剧情任务（剧情/任务实例）- 霍纳奇斯山脉,6,剧情/任务实例,Suburb_SnowMountain_WP_P,/Game/Arts/Maps/Suburb_SnowMountain/Suburb_SnowMountain_WP_P,36,0,,,,,,,LevelMapData.Type,current_formal_map,true
5231216,舞王争霸,,剧情,剧情/任务实例,剧情任务,剧情任务（剧情/任务实例）- 舞王争霸,6,剧情/任务实例,Suburb_AutumnIsland_01_WP_P,/Game/Arts/Maps/Suburb_AutumnIsland/Suburb_AutumnIsland_01_WP_P,0,0,,,,,,,LevelMapData.Type,current_formal_map,true
5231217,廷根,,剧情,剧情/任务实例,剧情任务,剧情任务（剧情/任务实例）- 廷根,6,剧情/任务实例,LV_Tiengen_P,/Game/Arts/Maps/Tiengen_New/LV_Tiengen_P,3,0,,,,,,,LevelMapData.Type,current_formal_map,true
5231218,猎龙之城,,剧情,剧情/任务实例,剧情任务,剧情任务（剧情/任务实例）- 猎龙之城,6,剧情/任务实例,LV_GVGArena_WP_P,/Game/Arts/Maps/GVGArena/LV_GVGArena_WP_P,46,0,,,,,,,LevelMapData.Type,current_formal_map,true
5231219,恶龙酒吧,,剧情,剧情/任务实例,剧情任务,剧情任务（剧情/任务实例）- 恶龙酒吧,6,剧情/任务实例,LV_DragonBar_P,/Game/Arts/Maps/DragonBar/LV_DragonBar_P,3,0,,,,,,,LevelMapData.Type,current_formal_map,true
5231220,拉姆德古堡,,剧情,剧情/任务实例,剧情任务,剧情任务（剧情/任务实例）- 拉姆德古堡,6,剧情/任务实例,Suburb_Castle_WP_P,/Game/Arts/Maps/Suburb_Castle/Suburb_Castle_WP_P,51,0,,,,,,,LevelMapData.Type,current_formal_map,true
5231221,神战遗迹,,剧情,剧情/任务实例,剧情任务,剧情任务（剧情/任务实例）- 神战遗迹,6,剧情/任务实例,LV_GuildBattleField_Four_P,/Game/Arts/Maps/GuildBattleField/LV_GuildBattleField_Four/LV_GuildBattleField_Four_P,0,0,,,,,,,LevelMapData.Type,current_formal_map,true
5231222,拉姆德古堡,,剧情,剧情/任务实例,剧情任务,剧情任务（剧情/任务实例）- 拉姆德古堡,6,剧情/任务实例,Suburb_Castle_WP_P,/Game/Arts/Maps/Suburb_Castle/Suburb_Castle_WP_P,51,0,,,,,,,LevelMapData.Type,current_formal_map,true
5231223,廷根,,剧情,剧情/任务实例,剧情任务,剧情任务（剧情/任务实例）- 廷根,6,剧情/任务实例,LV_Tiengen_P,/Game/Arts/Maps/Tiengen_New/LV_Tiengen_P,3,0,,,,,,,LevelMapData.Type,current_formal_map,true
5231224,金秋湖,,剧情,剧情/任务实例,剧情任务,剧情任务（剧情/任务实例）- 金秋湖,6,剧情/任务实例,Suburb_AutumnIsland_01_WP_P,/Game/Arts/Maps/Suburb_AutumnIsland/Suburb_AutumnIsland_01_WP_P,32,0,,,,,,,LevelMapData.Type,current_formal_map,true
5231225,廷根,,剧情,剧情/任务实例,剧情任务,剧情任务（剧情/任务实例）- 廷根,6,剧情/任务实例,LV_Tiengen_P,/Game/Arts/Maps/Tiengen_New/LV_Tiengen_P,3,0,,,,,,,LevelMapData.Type,current_formal_map,true
5231226,廷根,,剧情,剧情/任务实例,剧情任务,剧情任务（剧情/任务实例）- 廷根,6,剧情/任务实例,LV_Wonder_Tiengen_Sea_P,/Game/Arts/Maps/Wonder_Tiengen/SeamlessLevelInstance/Wonder_Tiengen_Sea/LV_Wonder_Tiengen_Sea_P,3,0,,,,,,,LevelMapData.Type,current_formal_map,true
5231227,金秋湖,,剧情,剧情/任务实例,剧情任务,剧情任务（剧情/任务实例）- 金秋湖,6,剧情/任务实例,Suburb_AutumnIsland_01_WP_P,/Game/Arts/Maps/Suburb_AutumnIsland/Suburb_AutumnIsland_01_WP_P,32,0,,,,,,,LevelMapData.Type,current_formal_map,true
5231228,廷根,,剧情,剧情/任务实例,剧情任务,剧情任务（剧情/任务实例）- 廷根,6,剧情/任务实例,LV_Tiengen_P,/Game/Arts/Maps/Tiengen_New/LV_Tiengen_P,3,0,,,,,,,LevelMapData.Type,current_formal_map,true
5231229,霍纳奇斯花海,,剧情,剧情/任务实例,剧情任务,剧情任务（剧情/任务实例）- 霍纳奇斯花海,6,剧情/任务实例,LV_Idyllic_Grassland_WP_P,/Game/Arts/Maps/Idyllic_Grassland/LV_Idyllic_Grassland_WP_P,67,0,,,,,,,LevelMapData.Type,current_formal_map,true
5231230,咖啡厅,,剧情,剧情/任务实例,剧情任务,剧情任务（剧情/任务实例）- 咖啡厅,6,剧情/任务实例,LV_PrologueCafe_P,/Game/Arts/Maps/PrologueCafe/LV_PrologueCafe_P,75,0,,,,,,,LevelMapData.Type,current_formal_map,true
5231231,恶龙酒吧,,剧情,剧情/任务实例,剧情任务,剧情任务（剧情/任务实例）- 恶龙酒吧,6,剧情/任务实例,LV_DragonBar_P,/Game/Arts/Maps/DragonBar/LV_DragonBar_P,23,0,,,,,,,LevelMapData.Type,current_formal_map,true
5231232,金秋湖,,剧情,剧情/任务实例,剧情任务,剧情任务（剧情/任务实例）- 金秋湖,6,剧情/任务实例,Suburb_AutumnIsland_01_WP_P,/Game/Arts/Maps/Suburb_AutumnIsland/Suburb_AutumnIsland_01_WP_P,32,0,,,,,,,LevelMapData.Type,current_formal_map,true
5231233,黑荆棘安保公司,,剧情,剧情/任务实例,剧情任务,剧情任务（剧情/任务实例）- 黑荆棘安保公司,6,剧情/任务实例,LV_BlackThorns_Company_P,/Game/Arts/Maps/BlackThorns_Company/LV_BlackThorns_Company_P,7,0,,,,,,,LevelMapData.Type,current_formal_map,true
5231234,霍纳奇斯花海,,剧情,剧情/任务实例,剧情任务,剧情任务（剧情/任务实例）- 霍纳奇斯花海,6,剧情/任务实例,LV_Idyllic_Grassland_WP_P,/Game/Arts/Maps/Idyllic_Grassland/LV_Idyllic_Grassland_WP_P,67,0,,,,,,,LevelMapData.Type,current_formal_map,true
5231235,霍纳奇斯花海,,剧情,剧情/任务实例,剧情任务,剧情任务（剧情/任务实例）- 霍纳奇斯花海,6,剧情/任务实例,LV_Idyllic_Grassland_WP_P,/Game/Arts/Maps/Idyllic_Grassland/LV_Idyllic_Grassland_WP_P,67,0,,,,,,,LevelMapData.Type,current_formal_map,true
5231236,霍纳奇斯山脉-风暴竞逐-载具,,剧情,剧情/任务实例,剧情任务,剧情任务（剧情/任务实例）- 霍纳奇斯山脉-风暴竞逐-载具,6,剧情/任务实例,Suburb_SnowMountain_WP_P,/Game/Arts/Maps/Suburb_SnowMountain/Suburb_SnowMountain_WP_P,36,0,,,,,,,LevelMapData.Type,current_formal_map,true
5231237,霍纳奇斯山脉-风暴竞逐-冲浪,,剧情,剧情/任务实例,剧情任务,剧情任务（剧情/任务实例）- 霍纳奇斯山脉-风暴竞逐-冲浪,6,剧情/任务实例,Suburb_SnowMountain_WP_P,/Game/Arts/Maps/Suburb_SnowMountain/Suburb_SnowMountain_WP_P,36,0,,,,,,,LevelMapData.Type,current_formal_map,true
5231238,霍纳奇斯花海-风暴竞逐-载具,,剧情,剧情/任务实例,剧情任务,剧情任务（剧情/任务实例）- 霍纳奇斯花海-风暴竞逐-载具,6,剧情/任务实例,LV_Idyllic_Grassland_WP_P,/Game/Arts/Maps/Idyllic_Grassland/LV_Idyllic_Grassland_WP_P,67,0,,,,,,,LevelMapData.Type,current_formal_map,true
5231239,霍纳奇斯花海-风暴竞逐-冲浪,,剧情,剧情/任务实例,剧情任务,剧情任务（剧情/任务实例）- 霍纳奇斯花海-风暴竞逐-冲浪,6,剧情/任务实例,LV_Idyllic_Grassland_WP_P,/Game/Arts/Maps/Idyllic_Grassland/LV_Idyllic_Grassland_WP_P,67,0,,,,,,,LevelMapData.Type,current_formal_map,true
5231240,廷根,,剧情,剧情/任务实例,剧情任务,剧情任务（剧情/任务实例）- 廷根,6,剧情/任务实例,LV_Tiengen_P,/Game/Arts/Maps/Tiengen_New/LV_Tiengen_P,3,0,,,,,,,LevelMapData.Type,current_formal_map,true
5231241,拉姆德古堡-风暴竞逐-载具,,剧情,剧情/任务实例,剧情任务,剧情任务（剧情/任务实例）- 拉姆德古堡-风暴竞逐-载具,6,剧情/任务实例,Suburb_Castle_WP_P,/Game/Arts/Maps/Suburb_Castle/Suburb_Castle_WP_P,51,0,,,,,,,LevelMapData.Type,current_formal_map,true
5231242,命运咖啡厅,,剧情,剧情/任务实例,剧情任务,剧情任务（剧情/任务实例）- 命运咖啡厅,6,剧情/任务实例,LV_PrologueCafe_P,/Game/Arts/Maps/PrologueCafe/LV_PrologueCafe_P,75,0,,,,,,,LevelMapData.Type,current_formal_map,true
5231243,命运咖啡厅,,剧情,剧情/任务实例,剧情任务,剧情任务（剧情/任务实例）- 命运咖啡厅,6,剧情/任务实例,LV_PrologueCafe_P,/Game/Arts/Maps/PrologueCafe/LV_PrologueCafe_P,75,0,,,,,,,LevelMapData.Type,current_formal_map,true
5231244,睡莲小镇,,剧情,剧情/任务实例,剧情任务,剧情任务（剧情/任务实例）- 睡莲小镇,6,剧情/任务实例,LV_CommanVillage_WP_P,/Game/Arts/Maps/CommanVillage/LV_CommanVillage_WP_P,38,0,,,,,,,LevelMapData.Type,current_formal_map,true
5231245,拉姆德古堡,,剧情,剧情/任务实例,剧情任务,剧情任务（剧情/任务实例）- 拉姆德古堡,6,剧情/任务实例,Suburb_Castle_WP_P,/Game/Arts/Maps/Suburb_Castle/Suburb_Castle_WP_P,51,0,,,,,,,LevelMapData.Type,current_formal_map,true
5231246,书店,,剧情,剧情/任务实例,剧情任务,剧情任务（剧情/任务实例）- 书店,6,剧情/任务实例,LV_Divination_club_P,/Game/Arts/Maps/Divination_club/LV_Divination_club_P,3,0,,,,,,,LevelMapData.Type,current_formal_map,true
5231247,谜案现场,,剧情,剧情/任务实例,剧情任务,剧情任务（剧情/任务实例）- 谜案现场,6,剧情/任务实例,LV_ShuiXian_Villa_P,/Game/Arts/Maps/ShuiXian_Villa/LV_ShuiXian_Villa_P,41,0,,,,,,,LevelMapData.Type,current_formal_map,true
5231248,拉姆德古堡,,剧情,剧情/任务实例,剧情任务,剧情任务（剧情/任务实例）- 拉姆德古堡,6,剧情/任务实例,Suburb_Castle_WP_P,/Game/Arts/Maps/Suburb_Castle/Suburb_Castle_WP_P,51,0,,,,,,,LevelMapData.Type,current_formal_map,true
5231250,金梧桐剧院,,剧情,剧情/任务实例,剧情任务,剧情任务（剧情/任务实例）- 金梧桐剧院,6,剧情/任务实例,LV_Tiengen_P,/Game/Arts/Maps/Tiengen_New/LV_Tiengen_P,0,0,,,,,,,LevelMapData.Type,current_formal_map,true
5231251,金秋湖,,剧情,剧情/任务实例,剧情任务,剧情任务（剧情/任务实例）- 金秋湖,6,剧情/任务实例,Suburb_AutumnIsland_01_WP_P,/Game/Arts/Maps/Suburb_AutumnIsland/Suburb_AutumnIsland_01_WP_P,32,0,,,,,,,LevelMapData.Type,current_formal_map,true
5231252,金秋湖,,剧情,剧情/任务实例,剧情任务,剧情任务（剧情/任务实例）- 金秋湖,6,剧情/任务实例,Suburb_AutumnIsland_01_WP_P,/Game/Arts/Maps/Suburb_AutumnIsland/Suburb_AutumnIsland_01_WP_P,32,0,,,,,,,LevelMapData.Type,current_formal_map,true
5231254,金秋湖,,剧情,剧情/任务实例,剧情任务,剧情任务（剧情/任务实例）- 金秋湖,6,剧情/任务实例,Suburb_AutumnIsland_01_WP_P,/Game/Arts/Maps/Suburb_AutumnIsland/Suburb_AutumnIsland_01_WP_P,32,0,,,,,,,LevelMapData.Type,current_formal_map,true
5231255,知识领域,,剧情,剧情/任务实例,剧情任务,剧情任务（剧情/任务实例）- 知识领域,6,剧情/任务实例,LV_CommonMemory_P,/Game/Arts/Maps/CommonMemory/LV_CommonMemory_P,0,0,,,,,,,LevelMapData.Type,current_formal_map,true
5231256,郊外山野,,剧情,剧情/任务实例,剧情任务,剧情任务（剧情/任务实例）- 郊外山野,6,剧情/任务实例,Suburb_Castle_WP_P,/Game/Arts/Maps/Suburb_Castle/Suburb_Castle_WP_P,51,0,,,,,,,LevelMapData.Type,current_formal_map,true
5231257,办公室,,剧情,剧情/任务实例,剧情任务,剧情任务（剧情/任务实例）- 办公室,6,剧情/任务实例,LV_CollegeOffice_P,/Game/Arts/Maps/CollegeOffice/LV_CollegeOffice_P,82,0,,,,,,,LevelMapData.Type,current_formal_map,true
5231258,廷根大学城,,剧情,剧情/任务实例,剧情任务,剧情任务（剧情/任务实例）- 廷根大学城,6,剧情/任务实例,LV_Tiengen_P,/Game/Arts/Maps/Tiengen_New/LV_Tiengen_P,3,0,,,,,,,LevelMapData.Type,current_formal_map,true
5231259,金秋湖,,剧情,剧情/任务实例,剧情任务,剧情任务（剧情/任务实例）- 金秋湖,6,剧情/任务实例,Suburb_AutumnIsland_01_WP_P,/Game/Arts/Maps/Suburb_AutumnIsland/Suburb_AutumnIsland_01_WP_P,32,0,,,,,,,LevelMapData.Type,current_formal_map,true
5231260,罪恶廷根,,剧情,剧情/任务实例,剧情任务,剧情任务（剧情/任务实例）- 罪恶廷根,6,剧情/任务实例,LV_Tiengen_P,/Game/Arts/Maps/Tiengen_New/LV_Tiengen_P,3,0,,,,,,,LevelMapData.Type,current_formal_map,true
5231262,欲望赌桌,,剧情,剧情/任务实例,剧情任务,剧情任务（剧情/任务实例）- 欲望赌桌,6,剧情/任务实例,LV_DragonBar_P,/Game/Arts/Maps/DragonBar/LV_DragonBar_P,0,0,,,,,,,LevelMapData.Type,current_formal_map,true
5231263,欲望赌桌,,剧情,剧情/任务实例,剧情任务,剧情任务（剧情/任务实例）- 欲望赌桌,6,剧情/任务实例,LV_DragonBar_P,/Game/Arts/Maps/DragonBar/LV_DragonBar_P,0,0,,,,,,,LevelMapData.Type,current_formal_map,true
5231264,铁十字街,,剧情,剧情/任务实例,剧情任务,剧情任务（剧情/任务实例）- 铁十字街,6,剧情/任务实例,LV_Tiengen_P,/Game/Arts/Maps/Tiengen_New/LV_Tiengen_P,0,0,,,,,,,LevelMapData.Type,current_formal_map,true
5231265,玫瑰天堂地下室,,剧情,剧情/任务实例,剧情任务,剧情任务（剧情/任务实例）- 玫瑰天堂地下室,6,剧情/任务实例,LV_SafeHouse_P,/Game/Arts/Maps/SafeHouse/LV_SafeHouse_P,0,0,,,,,,,LevelMapData.Type,current_formal_map,true
5231266,玫瑰天堂正厅,,剧情,剧情/任务实例,剧情任务,剧情任务（剧情/任务实例）- 玫瑰天堂正厅,6,剧情/任务实例,LV_GuildFashionShow_P,/Game/Arts/Maps/GuildFashionShow/LV_GuildFashionShow_P,0,0,,,,,,,LevelMapData.Type,current_formal_map,true
5231267,金梧桐剧院,,剧情,剧情/任务实例,剧情任务,剧情任务（剧情/任务实例）- 金梧桐剧院,6,剧情/任务实例,LV_Tiengen_P,/Game/Arts/Maps/Tiengen_New/LV_Tiengen_P,0,0,,,,,,,LevelMapData.Type,current_formal_map,true
5231268,失序之书,,剧情,剧情/任务实例,剧情任务,剧情任务（剧情/任务实例）- 失序之书,6,剧情/任务实例,LV_Idyllic_Grassland_WP_P,/Game/Arts/Maps/Idyllic_Grassland/LV_Idyllic_Grassland_WP_P,0,0,,,,,,,LevelMapData.Type,current_formal_map,true
5231270,未知空间,,剧情,剧情/任务实例,剧情任务,剧情任务（剧情/任务实例）- 未知空间,6,剧情/任务实例,LV_Tiengen_Lake03_BloodMoon_DID_P,/Game/Arts/Maps/Tiengen_Lake03_BloodMoon_DID/LV_Tiengen_Lake03_BloodMoon_DID_P,0,0,,,,,,,LevelMapData.Type,current_formal_map,true
5231271,心愿城堡,,剧情,剧情/任务实例,剧情任务,剧情任务（剧情/任务实例）- 心愿城堡,6,剧情/任务实例,LV_WishCastleCommonMemory_P,/Game/Arts/Maps/CLevel_Maps/ZJY/SecretSpace/WishCastle/LV_WishCastleCommonMemory_P,0,0,,,,,,,LevelMapData.Type,current_formal_map,true
5231274,弗洛的家,,剧情,剧情/任务实例,剧情任务,剧情任务（剧情/任务实例）- 弗洛的家,6,剧情/任务实例,LV_Rylbir_Houes_P,/Game/Arts/Maps/Rylbir_Houes/LV_Rylbir_Houes_P,16,0,,,,,,,LevelMapData.Type,current_formal_map,true
5231275,廷根,,剧情,剧情/任务实例,剧情任务,剧情任务（剧情/任务实例）- 廷根,6,剧情/任务实例,LV_Tiengen_P,/Game/Arts/Maps/Tiengen_New/LV_Tiengen_P,3,0,,,,,,,LevelMapData.Type,current_formal_map,true
5231276,米莉安太太的家,,剧情,剧情/任务实例,剧情任务,剧情任务（剧情/任务实例）- 米莉安太太的家,6,剧情/任务实例,LV_Middle_House_P,/Game/Arts/Maps/Middle_House/LV_Middle_House_P,87,0,,,,,,,LevelMapData.Type,current_formal_map,true
5231277,拉姆德古堡,,剧情,剧情/任务实例,剧情任务,剧情任务（剧情/任务实例）- 拉姆德古堡,6,剧情/任务实例,Suburb_Castle_WP_P,/Game/Arts/Maps/Suburb_Castle/Suburb_Castle_WP_P,51,0,,,,,,,LevelMapData.Type,current_formal_map,true
5231280,混乱与秩序,,剧情,剧情/任务实例,剧情任务,剧情任务（剧情/任务实例）- 混乱与秩序,6,剧情/任务实例,LV_RulesNChaosNormal_P,/Game/Arts/Maps/CLevel_Maps/WXY/secretspace/RulesNChaosNormal/LV_RulesNChaosNormal_P,0,0,,,,,,,LevelMapData.Type,current_formal_map,true
5231281,图书馆,,剧情,剧情/任务实例,剧情任务,剧情任务（剧情/任务实例）- 图书馆,6,剧情/任务实例,LV_TingenLibrary_P,/Game/Arts/Maps/TingenLibrary/LV_TingenLibrary_P,88,0,,,,,,,LevelMapData.Type,current_formal_map,true
5231283,咖啡厅,,剧情,剧情/任务实例,剧情任务,剧情任务（剧情/任务实例）- 咖啡厅,6,剧情/任务实例,LV_PrologueCafe_P,/Game/Arts/Maps/PrologueCafe/LV_PrologueCafe_P,75,0,,,,,,,LevelMapData.Type,current_formal_map,true
5231284,霍纳奇斯花海,,剧情,剧情/任务实例,剧情任务,剧情任务（剧情/任务实例）- 霍纳奇斯花海,6,剧情/任务实例,LV_Idyllic_Grassland_WP_P,/Game/Arts/Maps/Idyllic_Grassland/LV_Idyllic_Grassland_WP_P,67,0,,,,,,,LevelMapData.Type,current_formal_map,true
5231285,霍纳奇斯花海,,剧情,剧情/任务实例,剧情任务,剧情任务（剧情/任务实例）- 霍纳奇斯花海,6,剧情/任务实例,LV_Idyllic_Grassland_WP_P,/Game/Arts/Maps/Idyllic_Grassland/LV_Idyllic_Grassland_WP_P,67,0,,,,,,,LevelMapData.Type,current_formal_map,true
5231286,恶龙酒吧,,剧情,剧情/任务实例,剧情任务,剧情任务（剧情/任务实例）- 恶龙酒吧,6,剧情/任务实例,LV_DragonBar_P,/Game/Arts/Maps/DragonBar/LV_DragonBar_P,23,0,,,,,,,LevelMapData.Type,current_formal_map,true
5231287,恶龙酒吧,,剧情,剧情/任务实例,剧情任务,剧情任务（剧情/任务实例）- 恶龙酒吧,6,剧情/任务实例,LV_DragonBar_P,/Game/Arts/Maps/DragonBar/LV_DragonBar_P,23,0,,,,,,,LevelMapData.Type,current_formal_map,true
5231288,咖啡厅,,剧情,剧情/任务实例,剧情任务,剧情任务（剧情/任务实例）- 咖啡厅,6,剧情/任务实例,LV_PrologueCafe_P,/Game/Arts/Maps/PrologueCafe/LV_PrologueCafe_P,75,0,,,,,,,LevelMapData.Type,current_formal_map,true
5231289,霍纳奇斯花海,,剧情,剧情/任务实例,剧情任务,剧情任务（剧情/任务实例）- 霍纳奇斯花海,6,剧情/任务实例,LV_Idyllic_Grassland_WP_P,/Game/Arts/Maps/Idyllic_Grassland/LV_Idyllic_Grassland_WP_P,67,0,,,,,,,LevelMapData.Type,current_formal_map,true
5231290,恶龙酒吧,,剧情,剧情/任务实例,剧情任务,剧情任务（剧情/任务实例）- 恶龙酒吧,6,剧情/任务实例,LV_DragonBar_P,/Game/Arts/Maps/DragonBar/LV_DragonBar_P,0,0,,,,,,,LevelMapData.Type,current_formal_map,true
5231291,黑荆棘安保公司,,剧情,剧情/任务实例,剧情任务,剧情任务（剧情/任务实例）- 黑荆棘安保公司,6,剧情/任务实例,LV_BlackThorns_Company_P,/Game/Arts/Maps/BlackThorns_Company/LV_BlackThorns_Company_P,7,0,,,,,,,LevelMapData.Type,current_formal_map,true
5231292,廷根·第七章开头用,,剧情,剧情/任务实例,剧情任务,剧情任务（剧情/任务实例）- 廷根·第七章开头用,6,剧情/任务实例,LV_Tiengen_P,/Game/Arts/Maps/Tiengen_New/LV_Tiengen_P,3,0,,,,,,,LevelMapData.Type,current_formal_map,true
5231304,廷根,,剧情,剧情/任务实例,剧情任务,剧情任务（剧情/任务实例）- 廷根,6,剧情/任务实例,LV_Tiengen_P,/Game/Arts/Maps/Tiengen_New/LV_Tiengen_P,3,0,,,,,,,LevelMapData.Type,current_formal_map,true
5231311,咖啡厅,,剧情,剧情/任务实例,剧情任务,剧情任务（剧情/任务实例）- 咖啡厅,6,剧情/任务实例,LV_PrologueCafe_P,/Game/Arts/Maps/PrologueCafe/LV_PrologueCafe_P,75,0,,,,,,,LevelMapData.Type,current_formal_map,true
5231313,弗兰奇公寓,,剧情,剧情/任务实例,剧情任务,剧情任务（剧情/任务实例）- 弗兰奇公寓,6,剧情/任务实例,LV_Ferlanqi_FlatsNew_P,/Game/Arts/Maps/Ferlanqi_FlatsNew/LV_Ferlanqi_FlatsNew_P,6,0,,,,,,,LevelMapData.Type,current_formal_map,true
5231317,盗贼据点,,剧情,剧情/任务实例,剧情任务,剧情任务（剧情/任务实例）- 盗贼据点,6,剧情/任务实例,LV_Ruierbibo_P,/Game/Arts/Maps/Ruierbibo_Blockout/LV_Ruierbibo_P,0,0,,,,,,,LevelMapData.Type,current_formal_map,true
5231320,未知空间,,剧情,剧情/任务实例,剧情任务,剧情任务（剧情/任务实例）- 未知空间,6,剧情/任务实例,LV_Tiengen_Lake03_BloodMoon_DID_P,/Game/Arts/Maps/Tiengen_Lake03_BloodMoon_DID/LV_Tiengen_Lake03_BloodMoon_DID_P,0,0,,,,,,,LevelMapData.Type,current_formal_map,true
5231321,未知空间,,剧情,剧情/任务实例,剧情任务,剧情任务（剧情/任务实例）- 未知空间,6,剧情/任务实例,LV_Tiengen_Lake03_BloodMoon_DID_P,/Game/Arts/Maps/Tiengen_Lake03_BloodMoon_DID/LV_Tiengen_Lake03_BloodMoon_DID_P,0,0,,,,,,,LevelMapData.Type,current_formal_map,true
5231322,未知空间,,剧情,剧情/任务实例,剧情任务,剧情任务（剧情/任务实例）- 未知空间,6,剧情/任务实例,LV_Tiengen_Lake03_BloodMoon_DID_P,/Game/Arts/Maps/Tiengen_Lake03_BloodMoon_DID/LV_Tiengen_Lake03_BloodMoon_DID_P,0,0,,,,,,,LevelMapData.Type,current_formal_map,true
5231323,未知空间,,剧情,剧情/任务实例,剧情任务,剧情任务（剧情/任务实例）- 未知空间,6,剧情/任务实例,LV_Tiengen_Lake03_BloodMoon_DID_P,/Game/Arts/Maps/Tiengen_Lake03_BloodMoon_DID/LV_Tiengen_Lake03_BloodMoon_DID_P,0,0,,,,,,,LevelMapData.Type,current_formal_map,true
5231324,未知空间,,剧情,剧情/任务实例,剧情任务,剧情任务（剧情/任务实例）- 未知空间,6,剧情/任务实例,LV_Tiengen_Lake03_BloodMoon_DID_P,/Game/Arts/Maps/Tiengen_Lake03_BloodMoon_DID/LV_Tiengen_Lake03_BloodMoon_DID_P,0,0,,,,,,,LevelMapData.Type,current_formal_map,true
5231325,未知空间,,剧情,剧情/任务实例,剧情任务,剧情任务（剧情/任务实例）- 未知空间,6,剧情/任务实例,LV_Tiengen_Lake03_BloodMoon_DID_P,/Game/Arts/Maps/Tiengen_Lake03_BloodMoon_DID/LV_Tiengen_Lake03_BloodMoon_DID_P,0,0,,,,,,,LevelMapData.Type,current_formal_map,true
5231331,黑荆棘安保公司,,剧情,剧情/任务实例,剧情任务,剧情任务（剧情/任务实例）- 黑荆棘安保公司,6,剧情/任务实例,LV_BlackThorns_Company_P,/Game/Arts/Maps/BlackThorns_Company/LV_BlackThorns_Company_P,7,0,,,,,,,LevelMapData.Type,current_formal_map,true
5231332,黑荆棘安保公司,,剧情,剧情/任务实例,剧情任务,剧情任务（剧情/任务实例）- 黑荆棘安保公司,6,剧情/任务实例,LV_BlackThorns_Company_P,/Game/Arts/Maps/BlackThorns_Company/LV_BlackThorns_Company_P,7,0,,,,,,,LevelMapData.Type,current_formal_map,true
5231333,黑荆棘安保公司,,剧情,剧情/任务实例,剧情任务,剧情任务（剧情/任务实例）- 黑荆棘安保公司,6,剧情/任务实例,LV_BlackThorns_Company_P,/Game/Arts/Maps/BlackThorns_Company/LV_BlackThorns_Company_P,7,0,,,,,,,LevelMapData.Type,current_formal_map,true
5231334,黑荆棘安保公司,,剧情,剧情/任务实例,剧情任务,剧情任务（剧情/任务实例）- 黑荆棘安保公司,6,剧情/任务实例,LV_BlackThorns_Company_P,/Game/Arts/Maps/BlackThorns_Company/LV_BlackThorns_Company_P,7,0,,,,,,,LevelMapData.Type,current_formal_map,true
5231335,黑荆棘安保公司,,剧情,剧情/任务实例,剧情任务,剧情任务（剧情/任务实例）- 黑荆棘安保公司,6,剧情/任务实例,LV_BlackThorns_Company_P,/Game/Arts/Maps/BlackThorns_Company/LV_BlackThorns_Company_P,7,0,,,,,,,LevelMapData.Type,current_formal_map,true
5231336,黑荆棘安保公司,,剧情,剧情/任务实例,剧情任务,剧情任务（剧情/任务实例）- 黑荆棘安保公司,6,剧情/任务实例,LV_BlackThorns_Company_P,/Game/Arts/Maps/BlackThorns_Company/LV_BlackThorns_Company_P,7,0,,,,,,,LevelMapData.Type,current_formal_map,true
5231365,弗兰奇公寓,,剧情,剧情/任务实例,剧情任务,剧情任务（剧情/任务实例）- 弗兰奇公寓,6,剧情/任务实例,LV_Ferlanqi_FlatsNew_P,/Game/Arts/Maps/Ferlanqi_FlatsNew/LV_Ferlanqi_FlatsNew_P,0,0,,,,,,,LevelMapData.Type,current_formal_map,true
